#gpu, pwr, gtemp, mtemp
#Idx, W, C, C
 0, 37, 38, -
 0, 35, 38, -
 0, 27, 37, -
 0, 22, 37, -
 0, 21, 37, -
 0, 22, 40, -
 0, 106, 44, -
 0, 75, 40, -
 0, 41, 39, -
 0, 36, 39, -
 0, 35, 38, -
 0, 35, 38, -
 0, 17, 37, -
 0, 14, 36, -
 0, 13, 36, -
 0, 13, 36, -
 0, 13, 36, -
 0, 13, 36, -
 0, 13, 36, -
 0, 13, 36, -
 0, 13, 35, -
 0, 13, 35, -
 0, 13, 35, -
 0, 13, 35, -
 0, 13, 35, -
 0, 13, 35, -
 0, 13, 35, -
 0, 13, 35, -
 0, 13, 35, -
 0, 13, 35, -
 0, 13, 35, -
 0, 13, 35, -
 0, 13, 34, -
 0, 13, 34, -
 0, 13, 34, -
 0, 13, 34, -
 0, 13, 34, -
 0, 13, 34, -
 0, 13, 34, -
 0, 13, 34, -
 0, 13, 34, -
 0, 13, 34, -
 0, 13, 34, -
 0, 13, 34, -
#gpu, pwr, gtemp, mtemp
#Idx, W, C, C
 0, 13, 34, -
 0, 13, 34, -
 0, 13, 33, -
 0, 13, 33, -
 0, 13, 33, -
 0, 13, 33, -
 0, 13, 33, -
 0, 13, 33, -
 0, 13, 33, -
 0, 13, 33, -
 0, 13, 33, -
 0, 13, 33, -
 0, 13, 33, -
 0, 13, 33, -
 0, 13, 33, -
 0, 13, 33, -
 0, 13, 33, -
 0, 13, 33, -
 0, 13, 33, -
 0, 13, 33, -
 0, 13, 33, -
 0, 13, 33, -
 0, 13, 32, -
 0, 13, 32, -
 0, 13, 32, -
 0, 13, 32, -
 0, 13, 32, -
 0, 13, 32, -
 0, 13, 32, -
 0, 13, 32, -
 0, 12, 32, -
 0, 12, 32, -
 0, 12, 32, -
 0, 12, 32, -
 0, 12, 32, -
 0, 12, 32, -
 0, 12, 32, -
 0, 13, 32, -
 0, 12, 32, -
 0, 12, 32, -
 0, 12, 32, -
 0, 12, 32, -
 0, 12, 32, -
 0, 12, 32, -
#gpu, pwr, gtemp, mtemp
#Idx, W, C, C
 0, 12, 32, -
 0, 12, 32, -
 0, 12, 32, -
 0, 12, 32, -
 0, 12, 31, -
 0, 12, 31, -
 0, 12, 31, -
 0, 12, 31, -
 0, 12, 31, -
 0, 13, 31, -
 0, 13, 31, -
 0, 12, 31, -
 0, 12, 31, -
 0, 12, 31, -
 0, 12, 31, -
 0, 12, 31, -
 0, 12, 31, -
 0, 12, 31, -
 0, 12, 31, -
 0, 12, 31, -
 0, 12, 31, -
 0, 12, 31, -
 0, 12, 31, -
 0, 12, 31, -
 0, 12, 31, -
 0, 12, 31, -
 0, 12, 31, -
 0, 12, 31, -
 0, 12, 31, -
 0, 12, 31, -
 0, 12, 31, -
 0, 12, 31, -
 0, 12, 31, -
 0, 12, 31, -
 0, 12, 31, -
 0, 12, 31, -
 0, 12, 31, -
 0, 12, 31, -
 0, 12, 31, -
 0, 12, 31, -
 0, 12, 31, -
 0, 12, 30, -
 0, 12, 31, -
 0, 12, 31, -
#gpu, pwr, gtemp, mtemp
#Idx, W, C, C
 0, 12, 30, -
 0, 12, 30, -
 0, 13, 30, -
 0, 12, 30, -
 0, 12, 30, -
 0, 12, 30, -
 0, 12, 30, -
 0, 12, 30, -
 0, 12, 30, -
 0, 12, 30, -
 0, 12, 30, -
 0, 12, 30, -
 0, 12, 30, -
 0, 12, 30, -
 0, 12, 30, -
 0, 12, 30, -
 0, 12, 30, -
 0, 12, 30, -
 0, 12, 30, -
 0, 12, 30, -
 0, 12, 30, -
 0, 12, 30, -
 0, 12, 30, -
 0, 12, 30, -
 0, 12, 30, -
 0, 12, 30, -
 0, 12, 30, -
 0, 12, 30, -
 0, 12, 30, -
 0, 12, 30, -
 0, 12, 30, -
 0, 12, 30, -
 0, 12, 30, -
 0, 12, 30, -
 0, 12, 30, -
 0, 12, 30, -
 0, 12, 30, -
 0, 12, 30, -
 0, 12, 30, -
 0, 12, 30, -
 0, 12, 30, -
 0, 12, 30, -
 0, 12, 30, -
 0, 12, 30, -
#gpu, pwr, gtemp, mtemp
#Idx, W, C, C
 0, 12, 30, -
 0, 12, 30, -
 0, 12, 30, -
 0, 12, 30, -
 0, 12, 30, -
 0, 12, 30, -
 0, 12, 30, -
 0, 12, 30, -
 0, 12, 30, -
 0, 12, 30, -
 0, 12, 30, -
 0, 12, 30, -
 0, 12, 30, -
 0, 12, 30, -
 0, 12, 30, -
 0, 12, 30, -
 0, 12, 30, -
 0, 12, 29, -
 0, 12, 30, -
 0, 12, 30, -
 0, 12, 29, -
 0, 12, 29, -
 0, 12, 29, -
 0, 12, 29, -
 0, 12, 29, -
 0, 12, 29, -
 0, 12, 29, -
 0, 12, 29, -
 0, 12, 29, -
 0, 12, 29, -
 0, 12, 29, -
 0, 12, 29, -
 0, 12, 29, -
 0, 12, 29, -
 0, 12, 29, -
 0, 12, 29, -
 0, 12, 29, -
 0, 12, 29, -
 0, 12, 29, -
 0, 12, 29, -
 0, 12, 29, -
 0, 12, 29, -
 0, 12, 29, -
 0, 12, 29, -
#gpu, pwr, gtemp, mtemp
#Idx, W, C, C
 0, 12, 29, -
 0, 12, 29, -
 0, 12, 29, -
 0, 12, 29, -
 0, 12, 29, -
 0, 12, 29, -
 0, 12, 29, -
 0, 12, 29, -
 0, 12, 29, -
 0, 12, 29, -
 0, 12, 29, -
 0, 12, 29, -
 0, 12, 29, -
 0, 12, 29, -
 0, 12, 29, -
 0, 12, 29, -
 0, 12, 29, -
 0, 12, 29, -
 0, 12, 29, -
 0, 12, 29, -
 0, 12, 29, -
 0, 12, 29, -
 0, 12, 29, -
 0, 12, 29, -
 0, 12, 29, -
 0, 12, 29, -
 0, 12, 29, -
 0, 12, 29, -
 0, 12, 29, -
 0, 12, 29, -
 0, 12, 29, -
 0, 12, 29, -
 0, 12, 29, -
 0, 12, 29, -
 0, 12, 29, -
 0, 12, 29, -
 0, 12, 29, -
 0, 12, 29, -
 0, 12, 29, -
 0, 12, 29, -
 0, 12, 29, -
 0, 12, 29, -
 0, 12, 29, -
 0, 12, 29, -
#gpu, pwr, gtemp, mtemp
#Idx, W, C, C
 0, 12, 29, -
 0, 12, 29, -
 0, 12, 29, -
 0, 12, 29, -
 0, 12, 29, -
 0, 12, 29, -
 0, 12, 29, -
 0, 12, 29, -
 0, 12, 29, -
 0, 12, 29, -
 0, 12, 29, -
 0, 12, 29, -
 0, 12, 29, -
 0, 12, 29, -
 0, 12, 29, -
 0, 12, 29, -
 0, 12, 29, -
 0, 12, 29, -
 0, 12, 29, -
 0, 12, 29, -
 0, 12, 29, -
 0, 12, 29, -
 0, 12, 29, -
 0, 12, 29, -
 0, 12, 29, -
 0, 12, 29, -
 0, 12, 29, -
 0, 12, 29, -
 0, 12, 29, -
 0, 12, 29, -
 0, 12, 29, -
 0, 12, 29, -
 0, 12, 29, -
 0, 12, 29, -
 0, 12, 29, -
 0, 12, 29, -
 0, 12, 29, -
 0, 12, 29, -
 0, 12, 29, -
 0, 12, 29, -
 0, 12, 29, -
 0, 12, 29, -
 0, 12, 29, -
 0, 12, 29, -
#gpu, pwr, gtemp, mtemp
#Idx, W, C, C
 0, 12, 29, -
 0, 12, 29, -
 0, 12, 29, -
 0, 12, 29, -
 0, 12, 29, -
 0, 12, 29, -
 0, 12, 29, -
 0, 12, 29, -
 0, 12, 29, -
 0, 12, 29, -
 0, 12, 29, -
 0, 12, 28, -
 0, 12, 29, -
 0, 12, 29, -
 0, 12, 28, -
 0, 12, 29, -
 0, 12, 29, -
 0, 12, 29, -
 0, 12, 29, -
 0, 12, 29, -
 0, 12, 28, -
 0, 12, 29, -
 0, 12, 28, -
 0, 12, 28, -
 0, 12, 29, -
 0, 12, 28, -
 0, 12, 29, -
 0, 12, 29, -
 0, 12, 28, -
 0, 12, 29, -
 0, 12, 28, -
 0, 12, 28, -
 0, 12, 28, -
 0, 12, 28, -
 0, 12, 28, -
 0, 12, 29, -
 0, 12, 28, -
 0, 12, 28, -
 0, 12, 28, -
 0, 12, 28, -
 0, 12, 28, -
 0, 12, 28, -
 0, 12, 28, -
 0, 12, 28, -
#gpu, pwr, gtemp, mtemp
#Idx, W, C, C
 0, 12, 28, -
 0, 12, 28, -
 0, 12, 28, -
 0, 12, 28, -
 0, 12, 28, -
 0, 12, 28, -
 0, 12, 28, -
 0, 12, 28, -
 0, 12, 28, -
 0, 12, 28, -
 0, 12, 28, -
 0, 12, 28, -
 0, 12, 28, -
 0, 12, 28, -
 0, 12, 28, -
 0, 12, 28, -
 0, 12, 28, -
 0, 12, 28, -
 0, 12, 28, -
 0, 12, 28, -
 0, 12, 28, -
 0, 12, 28, -
 0, 12, 28, -
 0, 12, 28, -
 0, 12, 28, -
 0, 12, 28, -
 0, 12, 28, -
 0, 12, 28, -
 0, 12, 28, -
 0, 12, 28, -
 0, 12, 28, -
 0, 12, 28, -
 0, 12, 28, -
 0, 12, 28, -
 0, 12, 28, -
 0, 12, 28, -
 0, 12, 28, -
 0, 12, 28, -
 0, 12, 28, -
 0, 12, 28, -
 0, 12, 28, -
 0, 12, 28, -
 0, 12, 28, -
 0, 12, 28, -
#gpu, pwr, gtemp, mtemp
#Idx, W, C, C
 0, 12, 28, -
 0, 12, 28, -
 0, 12, 28, -
 0, 12, 28, -
 0, 12, 28, -
 0, 12, 28, -
 0, 12, 28, -
 0, 12, 28, -
 0, 12, 28, -
 0, 12, 28, -
 0, 12, 28, -
 0, 12, 28, -
 0, 12, 28, -
 0, 12, 28, -
 0, 12, 28, -
 0, 12, 28, -
 0, 12, 28, -
 0, 12, 28, -
 0, 12, 28, -
 0, 12, 28, -
 0, 12, 28, -
 0, 12, 28, -
 0, 12, 28, -
 0, 12, 28, -
 0, 12, 28, -
 0, 12, 28, -
 0, 12, 28, -
 0, 12, 28, -
 0, 12, 28, -
 0, 12, 28, -
 0, 12, 28, -
 0, 12, 28, -
 0, 12, 28, -
 0, 12, 28, -
 0, 12, 28, -
 0, 12, 28, -
 0, 12, 28, -
 0, 12, 28, -
 0, 12, 28, -
 0, 12, 28, -
 0, 12, 28, -
 0, 12, 28, -
 0, 12, 28, -
 0, 12, 28, -
#gpu, pwr, gtemp, mtemp
#Idx, W, C, C
 0, 12, 28, -
 0, 12, 28, -
 0, 12, 28, -
 0, 12, 28, -
 0, 12, 28, -
 0, 12, 28, -
 0, 12, 28, -
 0, 12, 28, -
 0, 12, 28, -
 0, 12, 28, -
 0, 12, 28, -
 0, 12, 28, -
 0, 12, 28, -
 0, 12, 28, -
 0, 12, 28, -
 0, 12, 28, -
 0, 12, 28, -
 0, 12, 28, -
 0, 12, 28, -
 0, 12, 28, -
 0, 12, 28, -
 0, 12, 28, -
 0, 12, 28, -
 0, 12, 28, -
 0, 12, 28, -
 0, 12, 28, -
 0, 12, 28, -
 0, 12, 28, -
 0, 12, 28, -
 0, 12, 28, -
 0, 12, 28, -
 0, 12, 28, -
 0, 12, 28, -
 0, 12, 28, -
 0, 12, 28, -
 0, 12, 28, -
 0, 12, 28, -
 0, 12, 28, -
 0, 12, 28, -
 0, 12, 28, -
 0, 12, 28, -
 0, 12, 28, -
 0, 12, 28, -
 0, 12, 28, -
#gpu, pwr, gtemp, mtemp
#Idx, W, C, C
 0, 12, 28, -
 0, 12, 28, -
 0, 12, 28, -
 0, 12, 28, -
 0, 12, 28, -
 0, 12, 28, -
 0, 12, 28, -
 0, 12, 28, -
 0, 12, 28, -
 0, 12, 28, -
 0, 12, 28, -
 0, 12, 28, -
 0, 12, 28, -
 0, 12, 28, -
 0, 12, 28, -
 0, 12, 28, -
 0, 12, 28, -
 0, 12, 28, -
 0, 12, 28, -
 0, 12, 28, -
 0, 12, 28, -
 0, 12, 28, -
 0, 12, 28, -
 0, 12, 28, -
 0, 12, 28, -
 0, 12, 28, -
 0, 12, 28, -
 0, 12, 28, -
 0, 12, 28, -
 0, 12, 28, -
 0, 12, 28, -
 0, 12, 28, -
 0, 12, 28, -
 0, 12, 28, -
 0, 12, 28, -
 0, 12, 28, -
 0, 12, 28, -
 0, 12, 28, -
 0, 12, 28, -
 0, 12, 28, -
 0, 12, 28, -
 0, 12, 28, -
 0, 12, 28, -
 0, 12, 28, -
#gpu, pwr, gtemp, mtemp
#Idx, W, C, C
 0, 12, 28, -
 0, 12, 28, -
 0, 12, 28, -
 0, 12, 28, -
 0, 12, 28, -
 0, 12, 28, -
 0, 12, 28, -
 0, 12, 28, -
 0, 12, 28, -
 0, 12, 28, -
 0, 12, 28, -
 0, 12, 28, -
 0, 12, 28, -
 0, 12, 28, -
 0, 12, 28, -
 0, 12, 28, -
 0, 12, 28, -
 0, 12, 28, -
 0, 12, 28, -
 0, 12, 28, -
 0, 12, 28, -
 0, 12, 28, -
 0, 12, 28, -
 0, 12, 28, -
 0, 12, 28, -
 0, 12, 28, -
 0, 12, 28, -
 0, 12, 28, -
 0, 12, 28, -
 0, 12, 28, -
 0, 12, 28, -
 0, 12, 28, -
 0, 12, 28, -
 0, 12, 28, -
 0, 12, 28, -
 0, 12, 28, -
 0, 12, 28, -
 0, 12, 28, -
 0, 12, 28, -
 0, 12, 28, -
 0, 12, 28, -
 0, 12, 28, -
 0, 12, 28, -
 0, 12, 28, -
#gpu, pwr, gtemp, mtemp
#Idx, W, C, C
 0, 12, 28, -
 0, 12, 28, -
 0, 12, 28, -
 0, 12, 28, -
 0, 12, 28, -
 0, 12, 28, -
 0, 12, 28, -
 0, 12, 28, -
 0, 12, 28, -
 0, 12, 28, -
 0, 12, 28, -
 0, 11, 28, -
 0, 11, 28, -
 0, 12, 28, -
 0, 12, 28, -
 0, 12, 28, -
 0, 12, 28, -
 0, 12, 28, -
 0, 12, 28, -
 0, 12, 28, -
 0, 12, 28, -
 0, 12, 28, -
 0, 12, 28, -
 0, 12, 28, -
 0, 12, 28, -
 0, 12, 28, -
 0, 12, 28, -
 0, 12, 28, -
 0, 12, 28, -
 0, 12, 28, -
 0, 12, 28, -
 0, 12, 28, -
 0, 12, 28, -
 0, 12, 28, -
 0, 12, 28, -
 0, 12, 28, -
 0, 12, 28, -
 0, 12, 28, -
 0, 12, 28, -
 0, 12, 28, -
 0, 12, 28, -
 0, 12, 28, -
 0, 12, 28, -
 0, 12, 28, -
#gpu, pwr, gtemp, mtemp
#Idx, W, C, C
 0, 12, 28, -
 0, 12, 28, -
 0, 12, 28, -
 0, 12, 28, -
 0, 12, 28, -
 0, 12, 28, -
 0, 12, 28, -
 0, 12, 28, -
 0, 12, 28, -
 0, 12, 28, -
 0, 12, 28, -
 0, 12, 28, -
 0, 12, 28, -
 0, 12, 28, -
 0, 12, 28, -
 0, 12, 28, -
 0, 12, 28, -
 0, 11, 28, -
 0, 11, 28, -
 0, 12, 28, -
 0, 11, 28, -
 0, 11, 28, -
 0, 11, 28, -
 0, 12, 28, -
 0, 12, 28, -
 0, 12, 28, -
 0, 12, 28, -
 0, 12, 28, -
 0, 12, 28, -
 0, 12, 28, -
 0, 12, 28, -
 0, 12, 28, -
 0, 12, 28, -
 0, 12, 28, -
 0, 12, 28, -
 0, 12, 28, -
 0, 12, 28, -
 0, 12, 28, -
 0, 12, 28, -
 0, 12, 28, -
 0, 12, 28, -
 0, 12, 28, -
 0, 12, 28, -
 0, 12, 28, -
#gpu, pwr, gtemp, mtemp
#Idx, W, C, C
 0, 12, 28, -
 0, 12, 28, -
 0, 12, 28, -
 0, 12, 28, -
 0, 12, 28, -
 0, 12, 28, -
 0, 12, 28, -
 0, 12, 28, -
 0, 12, 28, -
 0, 12, 28, -
 0, 12, 28, -
 0, 12, 28, -
 0, 12, 28, -
 0, 12, 28, -
 0, 12, 28, -
 0, 12, 28, -
 0, 12, 28, -
 0, 12, 28, -
 0, 12, 28, -
 0, 12, 28, -
 0, 12, 28, -
 0, 12, 28, -
 0, 12, 28, -
 0, 12, 28, -
 0, 12, 28, -
 0, 12, 28, -
 0, 12, 28, -
 0, 12, 28, -
 0, 12, 28, -
 0, 12, 28, -
 0, 12, 28, -
 0, 12, 28, -
 0, 12, 28, -
 0, 12, 28, -
 0, 12, 28, -
 0, 12, 28, -
 0, 12, 28, -
 0, 12, 28, -
 0, 12, 28, -
 0, 12, 28, -
 0, 12, 28, -
 0, 12, 28, -
 0, 12, 28, -
 0, 12, 28, -
#gpu, pwr, gtemp, mtemp
#Idx, W, C, C
 0, 12, 28, -
 0, 12, 28, -
 0, 12, 28, -
 0, 12, 28, -
 0, 12, 28, -
 0, 12, 28, -
 0, 12, 28, -
 0, 12, 28, -
 0, 12, 28, -
 0, 12, 28, -
 0, 12, 28, -
 0, 12, 28, -
 0, 12, 28, -
 0, 12, 28, -
 0, 12, 28, -
 0, 12, 28, -
 0, 12, 28, -
 0, 12, 28, -
 0, 12, 28, -
 0, 12, 28, -
 0, 12, 28, -
 0, 12, 28, -
 0, 12, 28, -
 0, 12, 28, -
 0, 12, 28, -
 0, 12, 28, -
 0, 12, 28, -
 0, 12, 28, -
 0, 12, 28, -
 0, 12, 28, -
 0, 12, 28, -
 0, 12, 28, -
 0, 12, 28, -
 0, 12, 28, -
 0, 11, 28, -
 0, 12, 28, -
 0, 12, 28, -
 0, 12, 28, -
 0, 12, 28, -
 0, 12, 28, -
 0, 12, 28, -
 0, 12, 28, -
 0, 12, 28, -
 0, 11, 28, -
#gpu, pwr, gtemp, mtemp
#Idx, W, C, C
 0, 11, 28, -
 0, 11, 28, -
 0, 11, 28, -
 0, 12, 28, -
 0, 12, 28, -
 0, 12, 28, -
 0, 12, 28, -
 0, 12, 28, -
 0, 12, 28, -
 0, 12, 28, -
 0, 12, 28, -
 0, 12, 28, -
 0, 12, 28, -
 0, 12, 28, -
 0, 12, 28, -
 0, 12, 28, -
 0, 12, 28, -
 0, 12, 28, -
 0, 12, 28, -
 0, 12, 28, -
 0, 12, 28, -
 0, 12, 28, -
 0, 12, 28, -
 0, 12, 28, -
 0, 12, 28, -
 0, 12, 28, -
 0, 12, 28, -
 0, 12, 28, -
 0, 12, 28, -
 0, 12, 28, -
 0, 12, 28, -
 0, 12, 28, -
 0, 12, 28, -
 0, 12, 28, -
 0, 12, 28, -
 0, 12, 28, -
 0, 12, 28, -
 0, 11, 28, -
 0, 12, 28, -
 0, 12, 28, -
 0, 12, 28, -
 0, 12, 28, -
 0, 12, 28, -
 0, 12, 28, -
#gpu, pwr, gtemp, mtemp
#Idx, W, C, C
 0, 12, 28, -
 0, 12, 28, -
 0, 12, 28, -
 0, 12, 28, -
 0, 12, 28, -
 0, 12, 28, -
 0, 12, 28, -
 0, 12, 28, -
 0, 12, 28, -
 0, 12, 28, -
 0, 12, 28, -
 0, 12, 28, -
 0, 12, 28, -
 0, 12, 28, -
 0, 12, 28, -
 0, 12, 28, -
 0, 12, 28, -
 0, 11, 28, -
 0, 12, 28, -
 0, 12, 28, -
 0, 12, 28, -
 0, 12, 28, -
 0, 12, 28, -
 0, 12, 28, -
 0, 12, 28, -
 0, 12, 28, -
 0, 12, 28, -
 0, 12, 27, -
 0, 12, 28, -
 0, 12, 28, -
 0, 12, 27, -
 0, 12, 28, -
 0, 12, 28, -
 0, 12, 28, -
 0, 12, 28, -
 0, 12, 28, -
 0, 12, 28, -
 0, 12, 28, -
 0, 12, 28, -
 0, 12, 28, -
 0, 12, 28, -
 0, 12, 28, -
 0, 12, 28, -
 0, 12, 28, -
#gpu, pwr, gtemp, mtemp
#Idx, W, C, C
 0, 12, 28, -
 0, 12, 28, -
 0, 12, 28, -
 0, 12, 28, -
 0, 12, 28, -
 0, 12, 27, -
 0, 12, 28, -
 0, 12, 28, -
 0, 12, 27, -
 0, 12, 28, -
 0, 12, 28, -
 0, 12, 27, -
 0, 12, 28, -
 0, 12, 28, -
 0, 12, 28, -
 0, 12, 28, -
 0, 12, 27, -
 0, 12, 28, -
 0, 12, 28, -
 0, 12, 27, -
 0, 12, 28, -
 0, 12, 28, -
 0, 12, 28, -
 0, 12, 28, -
 0, 12, 28, -
 0, 12, 28, -
 0, 12, 28, -
 0, 12, 27, -
 0, 12, 28, -
 0, 12, 28, -
 0, 12, 28, -
 0, 12, 28, -
 0, 12, 27, -
 0, 12, 28, -
 0, 12, 28, -
 0, 12, 27, -
 0, 12, 28, -
 0, 12, 28, -
 0, 12, 27, -
 0, 12, 28, -
 0, 12, 28, -
 0, 12, 27, -
 0, 12, 28, -
 0, 12, 28, -
#gpu, pwr, gtemp, mtemp
#Idx, W, C, C
 0, 12, 28, -
 0, 12, 28, -
 0, 12, 28, -
 0, 12, 28, -
 0, 12, 28, -
 0, 12, 27, -
 0, 12, 28, -
 0, 12, 27, -
 0, 12, 27, -
 0, 12, 28, -
 0, 12, 27, -
 0, 12, 28, -
 0, 12, 28, -
 0, 12, 27, -
 0, 12, 28, -
 0, 12, 27, -
 0, 12, 28, -
 0, 12, 28, -
 0, 11, 27, -
 0, 11, 28, -
 0, 11, 28, -
 0, 12, 27, -
 0, 12, 28, -
 0, 12, 27, -
 0, 12, 28, -
 0, 12, 28, -
 0, 12, 27, -
 0, 12, 28, -
 0, 12, 28, -
 0, 12, 27, -
 0, 12, 28, -
 0, 12, 27, -
 0, 12, 27, -
 0, 11, 28, -
 0, 11, 27, -
 0, 12, 28, -
 0, 12, 28, -
 0, 12, 27, -
 0, 12, 28, -
 0, 12, 27, -
 0, 12, 28, -
 0, 12, 28, -
 0, 12, 27, -
 0, 12, 28, -
#gpu, pwr, gtemp, mtemp
#Idx, W, C, C
 0, 12, 27, -
 0, 12, 28, -
 0, 12, 28, -
 0, 12, 27, -
 0, 12, 28, -
 0, 12, 28, -
 0, 12, 27, -
 0, 12, 28, -
 0, 12, 27, -
 0, 12, 27, -
 0, 12, 28, -
 0, 12, 27, -
 0, 12, 28, -
 0, 12, 28, -
 0, 12, 27, -
 0, 12, 28, -
 0, 12, 28, -
 0, 11, 27, -
 0, 11, 28, -
 0, 11, 28, -
 0, 12, 27, -
 0, 12, 28, -
 0, 12, 27, -
 0, 12, 28, -
 0, 12, 28, -
 0, 12, 27, -
 0, 12, 28, -
 0, 12, 27, -
 0, 12, 27, -
 0, 12, 28, -
 0, 12, 27, -
 0, 12, 28, -
 0, 12, 28, -
 0, 12, 27, -
 0, 12, 28, -
 0, 12, 27, -
 0, 12, 28, -
 0, 12, 28, -
 0, 12, 27, -
 0, 12, 27, -
 0, 12, 27, -
 0, 12, 27, -
 0, 12, 28, -
 0, 12, 27, -
#gpu, pwr, gtemp, mtemp
#Idx, W, C, C
 0, 12, 27, -
 0, 12, 27, -
 0, 12, 27, -
 0, 12, 28, -
 0, 12, 28, -
 0, 12, 27, -
 0, 12, 28, -
 0, 12, 27, -
 0, 12, 27, -
 0, 12, 28, -
 0, 12, 27, -
 0, 12, 27, -
 0, 12, 27, -
 0, 12, 27, -
 0, 12, 28, -
 0, 12, 27, -
 0, 12, 27, -
 0, 12, 28, -
 0, 12, 27, -
 0, 12, 27, -
 0, 12, 28, -
 0, 12, 27, -
 0, 12, 27, -
 0, 12, 28, -
 0, 12, 27, -
 0, 12, 28, -
 0, 12, 27, -
 0, 12, 27, -
 0, 12, 28, -
 0, 12, 27, -
 0, 12, 28, -
 0, 12, 28, -
 0, 12, 27, -
 0, 12, 28, -
 0, 12, 28, -
 0, 12, 27, -
 0, 12, 27, -
 0, 12, 27, -
 0, 12, 27, -
 0, 12, 27, -
 0, 12, 27, -
 0, 12, 28, -
 0, 12, 28, -
 0, 12, 27, -
#gpu, pwr, gtemp, mtemp
#Idx, W, C, C
 0, 12, 28, -
 0, 12, 28, -
 0, 12, 27, -
 0, 12, 27, -
 0, 12, 27, -
 0, 12, 27, -
 0, 12, 27, -
 0, 12, 27, -
 0, 12, 27, -
 0, 12, 28, -
 0, 12, 27, -
 0, 12, 27, -
 0, 12, 27, -
 0, 12, 27, -
 0, 12, 27, -
 0, 12, 27, -
 0, 12, 28, -
 0, 12, 27, -
 0, 12, 27, -
 0, 12, 27, -
 0, 12, 27, -
 0, 12, 27, -
 0, 12, 27, -
 0, 12, 27, -
 0, 12, 27, -
 0, 12, 27, -
 0, 12, 27, -
 0, 12, 27, -
 0, 12, 27, -
 0, 12, 27, -
 0, 12, 27, -
 0, 12, 27, -
 0, 12, 27, -
 0, 12, 27, -
 0, 12, 27, -
 0, 12, 27, -
 0, 12, 27, -
 0, 12, 27, -
 0, 12, 28, -
 0, 12, 27, -
 0, 12, 27, -
 0, 12, 27, -
 0, 12, 27, -
 0, 12, 27, -
#gpu, pwr, gtemp, mtemp
#Idx, W, C, C
 0, 12, 28, -
 0, 12, 27, -
 0, 12, 27, -
 0, 12, 27, -
 0, 12, 27, -
 0, 12, 28, -
 0, 12, 27, -
 0, 12, 27, -
 0, 12, 27, -
 0, 12, 27, -
 0, 12, 27, -
 0, 12, 27, -
 0, 12, 27, -
 0, 12, 27, -
 0, 12, 27, -
 0, 12, 27, -
 0, 12, 27, -
 0, 12, 27, -
 0, 12, 27, -
 0, 12, 27, -
 0, 12, 27, -
 0, 12, 27, -
 0, 12, 27, -
 0, 12, 27, -
 0, 12, 27, -
 0, 12, 27, -
 0, 12, 27, -
 0, 12, 27, -
 0, 12, 27, -
 0, 12, 27, -
 0, 12, 27, -
 0, 12, 27, -
 0, 12, 27, -
 0, 12, 27, -
 0, 12, 27, -
 0, 12, 27, -
 0, 12, 27, -
 0, 12, 27, -
 0, 12, 27, -
 0, 12, 27, -
 0, 12, 27, -
 0, 12, 27, -
 0, 12, 27, -
 0, 12, 27, -
#gpu, pwr, gtemp, mtemp
#Idx, W, C, C
 0, 12, 27, -
 0, 12, 27, -
 0, 12, 27, -
 0, 12, 27, -
 0, 12, 27, -
 0, 12, 27, -
 0, 12, 27, -
 0, 12, 27, -
 0, 12, 27, -
 0, 12, 27, -
 0, 11, 27, -
 0, 12, 27, -
 0, 12, 27, -
 0, 12, 27, -
 0, 12, 27, -
 0, 12, 27, -
 0, 12, 27, -
 0, 12, 27, -
 0, 12, 27, -
 0, 12, 27, -
 0, 12, 27, -
 0, 12, 27, -
 0, 12, 27, -
 0, 12, 27, -
 0, 12, 27, -
 0, 12, 27, -
 0, 12, 27, -
 0, 12, 27, -
 0, 12, 27, -
 0, 12, 27, -
 0, 12, 27, -
 0, 12, 27, -
 0, 12, 27, -
 0, 12, 27, -
 0, 12, 27, -
 0, 12, 27, -
 0, 12, 27, -
 0, 12, 27, -
 0, 12, 27, -
 0, 12, 27, -
 0, 12, 27, -
 0, 12, 27, -
 0, 12, 27, -
 0, 12, 27, -
#gpu, pwr, gtemp, mtemp
#Idx, W, C, C
 0, 12, 27, -
 0, 12, 27, -
 0, 12, 27, -
 0, 12, 27, -
 0, 12, 27, -
 0, 12, 27, -
 0, 12, 27, -
 0, 12, 27, -
 0, 12, 27, -
 0, 12, 27, -
 0, 12, 27, -
 0, 12, 27, -
 0, 12, 27, -
 0, 12, 27, -
 0, 11, 27, -
 0, 11, 27, -
 0, 12, 27, -
 0, 12, 27, -
 0, 12, 27, -
 0, 11, 27, -
 0, 11, 27, -
 0, 11, 27, -
 0, 12, 27, -
 0, 12, 27, -
 0, 12, 27, -
 0, 12, 27, -
 0, 12, 27, -
 0, 12, 27, -
 0, 12, 27, -
 0, 12, 27, -
 0, 12, 27, -
 0, 12, 27, -
 0, 12, 27, -
 0, 12, 27, -
 0, 12, 27, -
 0, 12, 27, -
 0, 12, 27, -
 0, 12, 27, -
 0, 12, 27, -
 0, 12, 27, -
 0, 12, 27, -
 0, 12, 27, -
 0, 12, 27, -
 0, 12, 27, -
#gpu, pwr, gtemp, mtemp
#Idx, W, C, C
 0, 12, 27, -
 0, 12, 27, -
 0, 12, 27, -
 0, 12, 27, -
 0, 12, 27, -
 0, 12, 27, -
 0, 12, 27, -
 0, 12, 27, -
 0, 12, 27, -
 0, 12, 27, -
 0, 12, 27, -
 0, 12, 27, -
 0, 12, 27, -
 0, 12, 27, -
 0, 12, 27, -
 0, 12, 27, -
 0, 12, 27, -
 0, 12, 27, -
 0, 12, 27, -
 0, 12, 27, -
 0, 12, 27, -
 0, 12, 27, -
 0, 12, 27, -
 0, 12, 27, -
 0, 12, 27, -
 0, 12, 27, -
 0, 12, 27, -
 0, 12, 27, -
 0, 12, 27, -
 0, 12, 27, -
 0, 12, 27, -
 0, 12, 27, -
 0, 12, 27, -
 0, 12, 27, -
 0, 12, 27, -
 0, 12, 27, -
 0, 12, 27, -
 0, 12, 27, -
 0, 12, 27, -
 0, 12, 27, -
 0, 12, 27, -
 0, 12, 27, -
 0, 12, 27, -
 0, 12, 27, -
#gpu, pwr, gtemp, mtemp
#Idx, W, C, C
 0, 12, 27, -
 0, 12, 27, -
 0, 12, 27, -
 0, 12, 27, -
 0, 12, 27, -
 0, 12, 27, -
 0, 12, 27, -
 0, 12, 27, -
 0, 12, 27, -
 0, 12, 27, -
 0, 12, 27, -
 0, 12, 27, -
 0, 12, 27, -
 0, 12, 27, -
 0, 12, 27, -
 0, 12, 27, -
 0, 12, 27, -
 0, 12, 27, -
 0, 12, 27, -
 0, 12, 27, -
 0, 12, 27, -
 0, 12, 27, -
 0, 12, 27, -
 0, 12, 27, -
 0, 12, 27, -
 0, 12, 27, -
 0, 12, 27, -
 0, 12, 27, -
 0, 12, 27, -
 0, 12, 27, -
 0, 12, 27, -
 0, 12, 27, -
 0, 12, 27, -
 0, 12, 27, -
 0, 12, 27, -
 0, 12, 27, -
 0, 12, 27, -
 0, 12, 27, -
 0, 12, 27, -
 0, 12, 27, -
 0, 12, 27, -
 0, 12, 27, -
 0, 12, 27, -
 0, 12, 27, -
#gpu, pwr, gtemp, mtemp
#Idx, W, C, C
 0, 12, 27, -
 0, 12, 27, -
 0, 12, 27, -
 0, 12, 27, -
 0, 12, 27, -
 0, 12, 27, -
 0, 12, 27, -
 0, 12, 27, -
 0, 12, 27, -
 0, 12, 27, -
 0, 12, 27, -
 0, 12, 27, -
 0, 12, 27, -
 0, 12, 27, -
 0, 12, 27, -
 0, 12, 27, -
 0, 12, 27, -
 0, 12, 27, -
 0, 12, 27, -
 0, 12, 27, -
 0, 12, 27, -
 0, 12, 27, -
 0, 12, 27, -
 0, 12, 27, -
 0, 12, 27, -
 0, 12, 27, -
 0, 12, 27, -
 0, 12, 27, -
 0, 12, 27, -
 0, 12, 27, -
 0, 12, 27, -
 0, 12, 27, -
 0, 12, 27, -
 0, 12, 27, -
 0, 12, 27, -
 0, 12, 27, -
 0, 12, 27, -
 0, 12, 27, -
 0, 12, 27, -
 0, 12, 27, -
 0, 12, 27, -
 0, 12, 27, -
 0, 12, 27, -
 0, 12, 27, -
#gpu, pwr, gtemp, mtemp
#Idx, W, C, C
 0, 12, 27, -
 0, 12, 27, -
 0, 12, 27, -
 0, 12, 27, -
 0, 12, 27, -
 0, 12, 27, -
 0, 12, 27, -
 0, 12, 27, -
 0, 12, 27, -
 0, 12, 27, -
 0, 12, 27, -
 0, 12, 27, -
 0, 12, 27, -
 0, 12, 27, -
 0, 12, 27, -
 0, 12, 27, -
 0, 12, 27, -
 0, 12, 27, -
 0, 12, 27, -
 0, 12, 27, -
 0, 12, 27, -
 0, 12, 27, -
 0, 12, 27, -
 0, 12, 27, -
 0, 12, 27, -
 0, 12, 27, -
 0, 12, 27, -
 0, 12, 27, -
 0, 12, 27, -
 0, 12, 27, -
 0, 12, 27, -
 0, 12, 27, -
 0, 12, 27, -
 0, 12, 27, -
 0, 12, 27, -
 0, 12, 27, -
 0, 12, 27, -
 0, 12, 27, -
 0, 12, 27, -
 0, 12, 27, -
 0, 12, 27, -
 0, 12, 27, -
 0, 12, 27, -
 0, 12, 27, -
#gpu, pwr, gtemp, mtemp
#Idx, W, C, C
 0, 12, 27, -
 0, 12, 27, -
 0, 12, 27, -
 0, 12, 27, -
 0, 12, 27, -
 0, 12, 27, -
 0, 12, 27, -
 0, 12, 27, -
 0, 12, 27, -
 0, 12, 27, -
 0, 12, 27, -
 0, 12, 27, -
 0, 12, 27, -
 0, 12, 27, -
 0, 12, 27, -
 0, 12, 27, -
 0, 12, 27, -
 0, 12, 27, -
 0, 12, 27, -
 0, 12, 27, -
 0, 12, 27, -
 0, 12, 27, -
 0, 12, 27, -
 0, 12, 27, -
 0, 12, 27, -
 0, 12, 27, -
 0, 12, 27, -
 0, 12, 27, -
 0, 12, 27, -
 0, 12, 27, -
 0, 12, 27, -
 0, 12, 27, -
 0, 12, 27, -
 0, 12, 27, -
 0, 12, 27, -
 0, 12, 27, -
 0, 12, 27, -
 0, 12, 27, -
 0, 12, 27, -
 0, 12, 27, -
 0, 12, 27, -
 0, 12, 27, -
 0, 12, 27, -
 0, 12, 27, -
#gpu, pwr, gtemp, mtemp
#Idx, W, C, C
 0, 12, 27, -
 0, 12, 27, -
 0, 12, 27, -
 0, 12, 27, -
 0, 12, 27, -
 0, 12, 27, -
 0, 12, 27, -
 0, 12, 27, -
 0, 12, 27, -
 0, 12, 27, -
 0, 12, 27, -
 0, 12, 27, -
 0, 12, 27, -
 0, 12, 27, -
 0, 12, 27, -
 0, 12, 27, -
 0, 12, 27, -
 0, 12, 27, -
 0, 12, 27, -
 0, 12, 27, -
 0, 12, 27, -
 0, 12, 27, -
 0, 12, 27, -
 0, 12, 27, -
 0, 12, 27, -
 0, 12, 27, -
 0, 12, 27, -
 0, 12, 27, -
 0, 12, 27, -
 0, 12, 27, -
 0, 12, 27, -
 0, 12, 27, -
 0, 12, 27, -
 0, 12, 27, -
 0, 12, 27, -
 0, 12, 27, -
 0, 12, 27, -
 0, 12, 27, -
 0, 12, 27, -
 0, 12, 27, -
 0, 12, 27, -
 0, 12, 27, -
 0, 12, 27, -
 0, 12, 27, -
#gpu, pwr, gtemp, mtemp
#Idx, W, C, C
 0, 12, 27, -
 0, 12, 27, -
 0, 12, 27, -
 0, 12, 27, -
 0, 12, 27, -
 0, 12, 27, -
 0, 12, 27, -
 0, 12, 27, -
 0, 12, 27, -
 0, 12, 27, -
 0, 12, 27, -
 0, 12, 27, -
 0, 12, 27, -
 0, 12, 27, -
 0, 12, 27, -
 0, 12, 27, -
 0, 12, 27, -
 0, 12, 27, -
 0, 12, 27, -
 0, 12, 27, -
 0, 12, 27, -
 0, 12, 27, -
 0, 12, 27, -
 0, 12, 27, -
 0, 12, 27, -
 0, 12, 27, -
 0, 12, 27, -
 0, 12, 27, -
 0, 12, 27, -
 0, 12, 27, -
 0, 12, 27, -
 0, 12, 27, -
 0, 12, 27, -
 0, 12, 27, -
 0, 12, 27, -
 0, 12, 27, -
 0, 12, 27, -
 0, 12, 27, -
 0, 12, 27, -
 0, 12, 27, -
 0, 12, 27, -
 0, 12, 27, -
 0, 12, 27, -
 0, 12, 27, -
#gpu, pwr, gtemp, mtemp
#Idx, W, C, C
 0, 12, 27, -
 0, 12, 27, -
 0, 12, 27, -
 0, 12, 27, -
 0, 12, 27, -
 0, 12, 27, -
 0, 12, 27, -
 0, 12, 27, -
 0, 12, 27, -
 0, 12, 27, -
 0, 12, 27, -
 0, 12, 27, -
 0, 12, 27, -
 0, 12, 27, -
 0, 12, 27, -
 0, 12, 27, -
 0, 12, 27, -
 0, 12, 27, -
 0, 12, 27, -
 0, 12, 27, -
 0, 12, 27, -
 0, 12, 27, -
 0, 12, 27, -
 0, 12, 27, -
 0, 12, 27, -
 0, 12, 27, -
 0, 12, 27, -
 0, 12, 27, -
 0, 12, 27, -
 0, 12, 27, -
 0, 12, 27, -
 0, 12, 27, -
 0, 12, 27, -
 0, 12, 27, -
 0, 12, 27, -
 0, 12, 27, -
 0, 12, 27, -
 0, 12, 27, -
 0, 12, 27, -
 0, 12, 27, -
 0, 12, 27, -
 0, 12, 27, -
 0, 12, 27, -
 0, 12, 27, -
#gpu, pwr, gtemp, mtemp
#Idx, W, C, C
 0, 12, 27, -
 0, 12, 27, -
 0, 12, 27, -
 0, 12, 27, -
 0, 12, 27, -
 0, 12, 27, -
 0, 12, 27, -
 0, 12, 27, -
 0, 12, 27, -
 0, 12, 27, -
 0, 12, 27, -
 0, 12, 27, -
 0, 12, 27, -
 0, 12, 27, -
 0, 12, 27, -
 0, 12, 27, -
 0, 12, 27, -
 0, 12, 27, -
 0, 12, 27, -
 0, 12, 27, -
 0, 12, 27, -
 0, 12, 27, -
 0, 12, 27, -
 0, 12, 27, -
 0, 12, 27, -
 0, 12, 27, -
 0, 12, 27, -
 0, 12, 27, -
 0, 12, 27, -
 0, 12, 27, -
 0, 12, 27, -
 0, 12, 27, -
 0, 12, 27, -
 0, 12, 27, -
 0, 12, 27, -
 0, 12, 27, -
 0, 12, 27, -
 0, 12, 27, -
 0, 12, 27, -
 0, 12, 27, -
 0, 12, 27, -
 0, 12, 27, -
 0, 12, 27, -
 0, 12, 27, -
#gpu, pwr, gtemp, mtemp
#Idx, W, C, C
 0, 12, 27, -
 0, 12, 27, -
 0, 12, 27, -
 0, 12, 27, -
 0, 12, 27, -
 0, 12, 27, -
 0, 12, 27, -
 0, 12, 27, -
 0, 12, 27, -
 0, 12, 27, -
 0, 12, 27, -
 0, 12, 27, -
 0, 12, 27, -
 0, 12, 27, -
 0, 12, 27, -
 0, 12, 27, -
 0, 12, 27, -
 0, 12, 27, -
 0, 12, 27, -
 0, 12, 27, -
 0, 12, 27, -
 0, 12, 27, -
 0, 12, 27, -
 0, 12, 27, -
 0, 12, 27, -
 0, 12, 27, -
 0, 12, 27, -
 0, 12, 27, -
 0, 12, 27, -
 0, 12, 27, -
 0, 12, 27, -
 0, 12, 27, -
 0, 12, 27, -
 0, 12, 27, -
 0, 12, 27, -
 0, 12, 27, -
 0, 12, 27, -
 0, 12, 27, -
 0, 12, 27, -
 0, 12, 27, -
 0, 12, 27, -
 0, 12, 27, -
 0, 12, 27, -
 0, 12, 27, -
#gpu, pwr, gtemp, mtemp
#Idx, W, C, C
 0, 12, 27, -
 0, 12, 27, -
 0, 12, 27, -
 0, 12, 27, -
 0, 12, 27, -
 0, 12, 27, -
 0, 12, 27, -
 0, 12, 27, -
 0, 12, 27, -
 0, 12, 27, -
 0, 12, 27, -
 0, 12, 27, -
 0, 12, 27, -
 0, 12, 27, -
 0, 12, 27, -
 0, 12, 27, -
 0, 12, 27, -
 0, 12, 27, -
 0, 12, 27, -
 0, 12, 27, -
 0, 12, 27, -
 0, 12, 27, -
 0, 12, 27, -
 0, 12, 27, -
 0, 12, 27, -
 0, 12, 27, -
 0, 12, 27, -
 0, 12, 27, -
 0, 12, 27, -
 0, 12, 27, -
 0, 12, 27, -
 0, 12, 27, -
 0, 12, 27, -
 0, 12, 27, -
 0, 12, 27, -
 0, 12, 27, -
 0, 12, 27, -
 0, 12, 27, -
 0, 12, 27, -
 0, 12, 27, -
 0, 12, 27, -
 0, 12, 27, -
 0, 12, 27, -
 0, 12, 27, -
#gpu, pwr, gtemp, mtemp
#Idx, W, C, C
 0, 12, 27, -
 0, 12, 27, -
 0, 12, 27, -
 0, 12, 27, -
 0, 12, 27, -
 0, 12, 27, -
 0, 12, 27, -
 0, 12, 27, -
 0, 12, 27, -
 0, 12, 27, -
 0, 12, 27, -
 0, 12, 27, -
 0, 12, 27, -
 0, 12, 27, -
 0, 12, 27, -
 0, 12, 27, -
 0, 12, 27, -
 0, 12, 27, -
 0, 12, 27, -
 0, 12, 27, -
 0, 12, 27, -
 0, 12, 27, -
 0, 12, 27, -
 0, 12, 27, -
 0, 12, 27, -
 0, 12, 27, -
 0, 12, 27, -
 0, 12, 27, -
 0, 12, 27, -
 0, 12, 27, -
 0, 12, 27, -
 0, 12, 27, -
 0, 12, 27, -
 0, 12, 27, -
 0, 12, 27, -
 0, 12, 27, -
 0, 12, 27, -
 0, 12, 27, -
 0, 12, 27, -
 0, 12, 27, -
 0, 12, 27, -
 0, 12, 27, -
 0, 12, 27, -
 0, 12, 27, -
#gpu, pwr, gtemp, mtemp
#Idx, W, C, C
 0, 12, 27, -
 0, 12, 27, -
 0, 12, 27, -
 0, 12, 27, -
 0, 12, 27, -
 0, 12, 27, -
 0, 12, 27, -
 0, 12, 27, -
 0, 12, 27, -
 0, 12, 27, -
 0, 12, 27, -
 0, 12, 27, -
 0, 12, 27, -
 0, 12, 27, -
 0, 12, 27, -
 0, 12, 27, -
 0, 12, 27, -
 0, 12, 27, -
 0, 12, 27, -
 0, 12, 27, -
 0, 12, 27, -
 0, 12, 27, -
 0, 12, 27, -
 0, 12, 27, -
 0, 12, 27, -
 0, 12, 27, -
 0, 12, 27, -
 0, 12, 27, -
 0, 12, 27, -
 0, 12, 27, -
 0, 12, 27, -
 0, 12, 27, -
 0, 12, 27, -
 0, 12, 27, -
 0, 12, 27, -
 0, 12, 27, -
 0, 12, 27, -
 0, 12, 27, -
 0, 12, 27, -
 0, 12, 27, -
 0, 12, 27, -
 0, 12, 27, -
 0, 12, 27, -
 0, 12, 27, -
#gpu, pwr, gtemp, mtemp
#Idx, W, C, C
 0, 12, 27, -
 0, 12, 27, -
 0, 12, 27, -
 0, 12, 27, -
 0, 12, 27, -
 0, 12, 27, -
 0, 12, 27, -
 0, 12, 27, -
 0, 12, 27, -
 0, 12, 27, -
 0, 12, 27, -
 0, 12, 27, -
 0, 12, 27, -
 0, 12, 27, -
 0, 12, 27, -
 0, 12, 27, -
 0, 12, 27, -
 0, 12, 27, -
 0, 12, 27, -
 0, 12, 27, -
 0, 12, 27, -
 0, 12, 27, -
 0, 12, 27, -
 0, 12, 27, -
 0, 12, 27, -
 0, 12, 27, -
 0, 12, 27, -
 0, 12, 27, -
 0, 12, 27, -
 0, 12, 27, -
 0, 12, 27, -
 0, 12, 27, -
 0, 12, 27, -
 0, 12, 27, -
 0, 12, 27, -
 0, 12, 27, -
 0, 12, 27, -
 0, 12, 27, -
 0, 12, 27, -
 0, 12, 27, -
 0, 12, 27, -
 0, 12, 27, -
 0, 12, 27, -
 0, 12, 27, -
#gpu, pwr, gtemp, mtemp
#Idx, W, C, C
 0, 12, 27, -
 0, 12, 27, -
 0, 12, 27, -
 0, 12, 27, -
 0, 12, 27, -
 0, 12, 27, -
 0, 12, 27, -
 0, 12, 27, -
 0, 12, 27, -
 0, 12, 27, -
 0, 12, 27, -
 0, 12, 27, -
 0, 12, 27, -
 0, 12, 27, -
 0, 12, 27, -
 0, 12, 27, -
 0, 12, 27, -
 0, 12, 27, -
 0, 12, 27, -
 0, 12, 27, -
 0, 12, 27, -
 0, 12, 27, -
 0, 12, 27, -
 0, 12, 27, -
 0, 12, 27, -
 0, 12, 27, -
 0, 12, 27, -
 0, 12, 27, -
 0, 12, 27, -
 0, 12, 27, -
 0, 12, 27, -
 0, 12, 27, -
 0, 12, 27, -
 0, 12, 27, -
 0, 12, 27, -
 0, 12, 27, -
 0, 12, 27, -
 0, 12, 27, -
 0, 12, 27, -
 0, 12, 27, -
 0, 12, 27, -
 0, 12, 27, -
 0, 12, 27, -
 0, 12, 27, -
#gpu, pwr, gtemp, mtemp
#Idx, W, C, C
 0, 12, 27, -
 0, 12, 27, -
 0, 12, 27, -
 0, 12, 27, -
 0, 12, 27, -
 0, 12, 27, -
 0, 12, 27, -
 0, 12, 27, -
 0, 12, 27, -
 0, 12, 27, -
 0, 12, 27, -
 0, 12, 27, -
 0, 12, 27, -
 0, 12, 27, -
 0, 12, 27, -
 0, 12, 27, -
 0, 12, 27, -
 0, 12, 27, -
 0, 12, 27, -
 0, 12, 27, -
 0, 12, 27, -
 0, 12, 27, -
 0, 12, 27, -
 0, 12, 27, -
 0, 12, 27, -
 0, 12, 27, -
 0, 12, 27, -
 0, 12, 27, -
 0, 12, 27, -
 0, 12, 27, -
 0, 12, 27, -
 0, 12, 27, -
 0, 12, 27, -
 0, 12, 27, -
 0, 12, 27, -
 0, 12, 27, -
 0, 12, 27, -
 0, 12, 27, -
 0, 12, 27, -
 0, 12, 27, -
 0, 12, 27, -
 0, 12, 27, -
 0, 12, 27, -
 0, 12, 27, -
#gpu, pwr, gtemp, mtemp
#Idx, W, C, C
 0, 12, 27, -
 0, 12, 27, -
 0, 12, 27, -
 0, 12, 27, -
 0, 12, 27, -
 0, 12, 27, -
 0, 12, 27, -
 0, 12, 27, -
 0, 12, 27, -
 0, 12, 27, -
 0, 12, 27, -
 0, 12, 27, -
 0, 12, 27, -
 0, 12, 27, -
 0, 12, 27, -
 0, 12, 27, -
 0, 12, 27, -
 0, 12, 27, -
 0, 12, 27, -
 0, 12, 27, -
 0, 12, 27, -
 0, 12, 27, -
 0, 12, 27, -
 0, 12, 27, -
 0, 12, 27, -
 0, 12, 27, -
 0, 12, 27, -
 0, 12, 27, -
 0, 12, 27, -
 0, 12, 27, -
 0, 12, 27, -
 0, 12, 27, -
 0, 12, 27, -
 0, 12, 27, -
 0, 12, 27, -
 0, 12, 27, -
 0, 12, 27, -
 0, 12, 27, -
 0, 12, 27, -
 0, 12, 27, -
 0, 12, 27, -
 0, 12, 27, -
 0, 12, 27, -
 0, 12, 27, -
#gpu, pwr, gtemp, mtemp
#Idx, W, C, C
 0, 12, 27, -
 0, 12, 27, -
 0, 12, 27, -
 0, 12, 27, -
 0, 12, 27, -
 0, 12, 27, -
 0, 12, 27, -
 0, 12, 27, -
 0, 12, 27, -
 0, 12, 27, -
 0, 12, 27, -
 0, 12, 27, -
 0, 12, 27, -
 0, 12, 27, -
 0, 12, 27, -
 0, 12, 27, -
 0, 9, 27, -
 0, 5, 27, -
 0, 5, 27, -
 0, 4, 27, -
 0, 4, 27, -
 0, 5, 27, -
 0, 5, 27, -
 0, 4, 27, -
 0, 4, 27, -
 0, 4, 27, -
 0, 4, 27, -
 0, 4, 27, -
 0, 4, 27, -
 0, 4, 27, -
 0, 4, 27, -
 0, 4, 27, -
 0, 5, 27, -
 0, 5, 26, -
 0, 4, 27, -
 0, 4, 27, -
 0, 4, 26, -
 0, 4, 26, -
 0, 4, 26, -
 0, 4, 26, -
 0, 4, 26, -
 0, 4, 26, -
 0, 4, 26, -
 0, 4, 26, -
#gpu, pwr, gtemp, mtemp
#Idx, W, C, C
 0, 4, 26, -
 0, 4, 26, -
 0, 4, 26, -
 0, 4, 26, -
 0, 4, 26, -
 0, 4, 26, -
 0, 4, 26, -
 0, 4, 26, -
 0, 4, 26, -
 0, 4, 26, -
 0, 4, 26, -
 0, 4, 26, -
 0, 4, 26, -
 0, 4, 26, -
 0, 4, 26, -
 0, 4, 26, -
 0, 4, 26, -
 0, 4, 26, -
 0, 4, 26, -
 0, 4, 26, -
 0, 4, 26, -
 0, 4, 26, -
 0, 4, 26, -
 0, 4, 26, -
 0, 4, 26, -
 0, 4, 26, -
 0, 4, 26, -
 0, 4, 26, -
 0, 4, 26, -
 0, 4, 26, -
 0, 4, 26, -
 0, 4, 26, -
 0, 4, 26, -
 0, 4, 26, -
 0, 4, 26, -
 0, 4, 26, -
 0, 4, 26, -
 0, 4, 26, -
 0, 4, 26, -
 0, 4, 26, -
 0, 4, 26, -
 0, 4, 26, -
 0, 4, 26, -
 0, 4, 26, -
#gpu, pwr, gtemp, mtemp
#Idx, W, C, C
 0, 4, 26, -
 0, 4, 26, -
 0, 4, 26, -
 0, 4, 26, -
 0, 4, 26, -
 0, 4, 26, -
 0, 4, 26, -
 0, 4, 26, -
 0, 4, 26, -
 0, 4, 26, -
 0, 4, 26, -
 0, 4, 26, -
 0, 4, 26, -
 0, 4, 26, -
 0, 4, 26, -
 0, 4, 26, -
 0, 4, 26, -
 0, 4, 26, -
 0, 4, 26, -
 0, 4, 26, -
 0, 4, 26, -
 0, 4, 26, -
 0, 4, 26, -
 0, 4, 26, -
 0, 4, 26, -
 0, 4, 26, -
 0, 4, 26, -
 0, 4, 26, -
 0, 4, 25, -
 0, 4, 26, -
 0, 4, 26, -
 0, 4, 25, -
 0, 4, 26, -
 0, 4, 25, -
 0, 4, 25, -
 0, 4, 26, -
 0, 4, 25, -
 0, 4, 25, -
 0, 4, 26, -
 0, 4, 25, -
 0, 4, 25, -
 0, 4, 25, -
 0, 4, 25, -
 0, 4, 25, -
#gpu, pwr, gtemp, mtemp
#Idx, W, C, C
 0, 4, 25, -
 0, 4, 25, -
 0, 4, 25, -
 0, 4, 25, -
 0, 4, 25, -
 0, 4, 25, -
 0, 4, 25, -
 0, 4, 25, -
 0, 4, 25, -
 0, 4, 25, -
 0, 4, 25, -
 0, 4, 25, -
 0, 4, 25, -
 0, 4, 25, -
 0, 4, 25, -
 0, 4, 25, -
 0, 4, 25, -
 0, 4, 25, -
 0, 4, 25, -
 0, 4, 25, -
 0, 4, 25, -
 0, 4, 25, -
 0, 5, 25, -
 0, 4, 25, -
 0, 4, 25, -
 0, 4, 25, -
 0, 4, 25, -
 0, 4, 25, -
 0, 4, 25, -
 0, 4, 25, -
 0, 4, 25, -
 0, 4, 25, -
 0, 4, 25, -
 0, 4, 25, -
 0, 4, 25, -
 0, 4, 25, -
 0, 4, 25, -
 0, 4, 25, -
 0, 4, 25, -
 0, 4, 25, -
 0, 4, 25, -
 0, 4, 25, -
 0, 4, 25, -
 0, 4, 25, -
#gpu, pwr, gtemp, mtemp
#Idx, W, C, C
 0, 4, 25, -
 0, 4, 25, -
 0, 4, 25, -
 0, 4, 25, -
 0, 4, 25, -
 0, 4, 25, -
 0, 4, 25, -
 0, 4, 25, -
 0, 4, 25, -
 0, 4, 25, -
 0, 4, 25, -
 0, 4, 25, -
 0, 4, 25, -
 0, 4, 25, -
 0, 4, 25, -
 0, 4, 25, -
 0, 4, 25, -
 0, 4, 25, -
 0, 4, 25, -
 0, 4, 25, -
 0, 4, 25, -
 0, 4, 25, -
 0, 4, 25, -
 0, 4, 25, -
 0, 4, 25, -
 0, 4, 25, -
 0, 4, 25, -
 0, 4, 25, -
 0, 4, 25, -
 0, 4, 25, -
 0, 4, 25, -
 0, 4, 25, -
 0, 4, 25, -
 0, 4, 25, -
 0, 4, 25, -
 0, 4, 25, -
 0, 4, 25, -
 0, 4, 25, -
 0, 4, 25, -
 0, 4, 25, -
 0, 4, 25, -
 0, 4, 25, -
 0, 4, 25, -
 0, 4, 25, -
#gpu, pwr, gtemp, mtemp
#Idx, W, C, C
 0, 4, 25, -
 0, 4, 25, -
 0, 4, 25, -
 0, 4, 25, -
 0, 4, 25, -
 0, 4, 25, -
 0, 4, 25, -
 0, 4, 25, -
 0, 4, 25, -
 0, 4, 25, -
 0, 4, 25, -
 0, 4, 25, -
 0, 4, 25, -
 0, 4, 25, -
 0, 4, 25, -
 0, 4, 25, -
 0, 4, 25, -
 0, 4, 25, -
 0, 4, 25, -
 0, 4, 25, -
 0, 4, 25, -
 0, 4, 25, -
 0, 4, 25, -
 0, 4, 25, -
 0, 4, 25, -
 0, 4, 25, -
 0, 4, 25, -
 0, 4, 25, -
 0, 4, 25, -
 0, 4, 25, -
 0, 4, 25, -
 0, 4, 25, -
 0, 4, 25, -
 0, 4, 25, -
 0, 4, 25, -
 0, 4, 25, -
 0, 4, 25, -
 0, 4, 25, -
 0, 4, 25, -
 0, 4, 25, -
 0, 4, 25, -
 0, 4, 25, -
 0, 4, 25, -
 0, 4, 25, -
#gpu, pwr, gtemp, mtemp
#Idx, W, C, C
 0, 4, 25, -
 0, 4, 25, -
 0, 4, 25, -
 0, 4, 25, -
 0, 4, 25, -
 0, 4, 25, -
 0, 4, 25, -
 0, 4, 25, -
 0, 4, 25, -
 0, 4, 25, -
 0, 4, 25, -
 0, 4, 25, -
 0, 4, 25, -
 0, 4, 25, -
 0, 4, 25, -
 0, 4, 25, -
 0, 4, 25, -
 0, 4, 25, -
 0, 4, 25, -
 0, 4, 25, -
 0, 4, 25, -
 0, 4, 25, -
 0, 4, 25, -
 0, 4, 25, -
 0, 4, 25, -
 0, 4, 25, -
 0, 4, 25, -
 0, 4, 25, -
 0, 4, 25, -
 0, 4, 25, -
 0, 4, 25, -
 0, 4, 25, -
 0, 4, 25, -
 0, 4, 25, -
 0, 4, 25, -
 0, 4, 25, -
 0, 4, 25, -
 0, 4, 25, -
 0, 4, 25, -
 0, 4, 25, -
 0, 4, 25, -
 0, 4, 25, -
 0, 4, 25, -
 0, 4, 25, -
#gpu, pwr, gtemp, mtemp
#Idx, W, C, C
 0, 4, 25, -
 0, 4, 25, -
 0, 4, 25, -
 0, 4, 25, -
 0, 4, 25, -
 0, 4, 25, -
 0, 4, 25, -
 0, 4, 25, -
 0, 4, 25, -
 0, 4, 25, -
 0, 4, 25, -
 0, 4, 25, -
 0, 4, 25, -
 0, 4, 25, -
 0, 4, 25, -
 0, 4, 25, -
 0, 4, 25, -
 0, 4, 25, -
 0, 4, 25, -
 0, 4, 25, -
 0, -, 0, -
 0, -, 0, -
 0, 33, 25, -
 0, 32, 25, -
 0, 31, 25, -
 0, 31, 25, -
 0, 31, 26, -
 0, 31, 26, -
 0, 31, 26, -
 0, 31, 26, -
 0, 31, 26, -
 0, 32, 26, -
 0, 32, 26, -
 0, 32, 26, -
 0, 32, 26, -
 0, 32, 26, -
 0, 9, 25, -
 0, 7, 25, -
 0, 4, 25, -
 0, 4, 25, -
 0, 4, 25, -
 0, 4, 25, -
 0, 5, 25, -
 0, 4, 25, -
#gpu, pwr, gtemp, mtemp
#Idx, W, C, C
 0, 4, 25, -
 0, 4, 25, -
 0, 4, 25, -
 0, 4, 24, -
 0, 4, 25, -
 0, 4, 25, -
 0, 4, 24, -
 0, 4, 25, -
 0, 4, 24, -
 0, 4, 25, -
 0, 4, 25, -
 0, 4, 25, -
 0, 4, 24, -
 0, 4, 24, -
 0, 4, 24, -
 0, 4, 24, -
 0, 4, 24, -
 0, 4, 24, -
 0, 4, 24, -
 0, 4, 24, -
 0, 4, 24, -
 0, 4, 24, -
 0, 4, 24, -
 0, 4, 24, -
 0, 4, 24, -
 0, 4, 24, -
 0, 4, 24, -
 0, 4, 24, -
 0, 4, 24, -
 0, 4, 24, -
 0, 4, 24, -
 0, 4, 24, -
 0, 4, 24, -
 0, 4, 24, -
 0, 4, 24, -
 0, 4, 24, -
 0, 4, 24, -
 0, 4, 24, -
 0, 4, 24, -
 0, 4, 24, -
 0, 4, 24, -
 0, 4, 24, -
 0, 4, 24, -
 0, 4, 24, -
#gpu, pwr, gtemp, mtemp
#Idx, W, C, C
 0, 4, 24, -
 0, 4, 24, -
 0, 4, 24, -
 0, 4, 24, -
 0, 4, 24, -
 0, 4, 24, -
 0, 4, 24, -
 0, 4, 24, -
 0, 4, 24, -
 0, 4, 24, -
 0, 4, 24, -
 0, 4, 24, -
 0, 4, 24, -
 0, 4, 24, -
 0, 4, 24, -
 0, 4, 24, -
 0, 4, 24, -
 0, 4, 24, -
 0, 4, 24, -
 0, 4, 24, -
 0, 4, 24, -
 0, 4, 24, -
 0, 4, 24, -
 0, 4, 24, -
 0, 4, 24, -
 0, 4, 24, -
 0, 4, 24, -
 0, 4, 24, -
 0, 4, 24, -
 0, 4, 24, -
 0, 4, 24, -
 0, 4, 24, -
 0, 4, 24, -
 0, 4, 24, -
 0, 4, 24, -
 0, 4, 24, -
 0, 4, 24, -
 0, 4, 24, -
 0, 4, 24, -
 0, 4, 24, -
 0, 4, 24, -
 0, 4, 24, -
 0, 4, 24, -
 0, 4, 24, -
#gpu, pwr, gtemp, mtemp
#Idx, W, C, C
 0, 4, 24, -
 0, 4, 24, -
 0, 4, 24, -
 0, 4, 24, -
 0, 4, 24, -
 0, 4, 24, -
 0, 4, 24, -
 0, 4, 24, -
 0, 4, 24, -
 0, 4, 24, -
 0, 4, 24, -
 0, 4, 24, -
 0, 4, 24, -
 0, 4, 24, -
 0, 4, 24, -
 0, 4, 24, -
 0, 4, 24, -
 0, 4, 24, -
 0, 4, 24, -
 0, 4, 24, -
 0, 4, 24, -
 0, 4, 24, -
 0, 4, 24, -
 0, 4, 24, -
 0, 4, 24, -
 0, 4, 24, -
 0, 4, 24, -
 0, 4, 24, -
 0, 4, 24, -
 0, 4, 24, -
 0, 4, 24, -
 0, 4, 24, -
 0, 4, 24, -
 0, 4, 24, -
 0, 4, 24, -
 0, 4, 24, -
 0, -, 0, -
 0, -, 0, -
 0, 34, 25, -
 0, 33, 25, -
 0, 32, 25, -
 0, 32, 26, -
 0, 32, 26, -
 0, 32, 26, -
#gpu, pwr, gtemp, mtemp
#Idx, W, C, C
 0, 32, 26, -
 0, 32, 26, -
 0, 32, 26, -
 0, 32, 26, -
 0, 32, 26, -
 0, 32, 26, -
 0, 32, 27, -
 0, 32, 27, -
 0, 13, 25, -
 0, 7, 25, -
 0, 6, 25, -
 0, 5, 25, -
 0, 7, 25, -
 0, 13, 25, -
 0, 13, 25, -
 0, 13, 25, -
 0, 13, 25, -
 0, 13, 25, -
 0, 13, 25, -
 0, 13, 25, -
 0, 13, 25, -
 0, 13, 25, -
 0, 13, 25, -
 0, 13, 25, -
 0, 13, 25, -
 0, 13, 25, -
 0, 13, 25, -
 0, 13, 25, -
 0, 13, 25, -
 0, 13, 25, -
 0, 13, 25, -
 0, 13, 25, -
 0, 13, 25, -
 0, 13, 25, -
 0, 13, 25, -
 0, 13, 25, -
 0, 13, 26, -
 0, 13, 25, -
 0, 13, 26, -
 0, 13, 26, -
 0, 13, 25, -
 0, 13, 26, -
 0, 13, 26, -
 0, 13, 26, -
#gpu, pwr, gtemp, mtemp
#Idx, W, C, C
 0, 13, 26, -
 0, 13, 26, -
 0, 13, 26, -
 0, 13, 26, -
 0, 13, 26, -
 0, 13, 26, -
 0, 13, 26, -
 0, 13, 26, -
 0, 13, 26, -
 0, 13, 26, -
 0, 13, 26, -
 0, 13, 26, -
 0, 14, 26, -
 0, 14, 26, -
 0, 14, 26, -
 0, 14, 26, -
 0, 13, 26, -
 0, 13, 26, -
 0, 13, 26, -
 0, 13, 26, -
 0, 13, 26, -
 0, 13, 26, -
 0, 13, 26, -
 0, 13, 26, -
 0, 13, 26, -
 0, 13, 26, -
 0, 13, 26, -
 0, 13, 26, -
 0, 13, 26, -
 0, 13, 26, -
 0, 13, 26, -
 0, 13, 26, -
 0, 13, 26, -
 0, 13, 26, -
 0, 13, 26, -
 0, 13, 26, -
 0, 13, 26, -
 0, 13, 26, -
 0, 13, 26, -
 0, 13, 26, -
 0, 13, 26, -
 0, 13, 26, -
 0, 13, 26, -
 0, 13, 26, -
#gpu, pwr, gtemp, mtemp
#Idx, W, C, C
 0, 13, 26, -
 0, 13, 26, -
 0, 13, 26, -
 0, 13, 26, -
 0, 13, 26, -
 0, 13, 26, -
 0, 13, 26, -
 0, 13, 26, -
 0, 13, 26, -
 0, 13, 26, -
 0, 13, 26, -
 0, 13, 26, -
 0, 13, 26, -
 0, 13, 26, -
 0, 13, 26, -
 0, 13, 26, -
 0, 13, 26, -
 0, 13, 26, -
 0, 13, 26, -
 0, 13, 26, -
 0, 13, 26, -
 0, 13, 26, -
 0, 13, 26, -
 0, 13, 26, -
 0, 13, 26, -
 0, 13, 26, -
 0, 13, 26, -
 0, 13, 26, -
 0, 13, 26, -
 0, 13, 26, -
 0, 13, 26, -
 0, 13, 26, -
 0, 13, 26, -
 0, 13, 26, -
 0, 13, 26, -
 0, 13, 26, -
 0, 13, 26, -
 0, 13, 26, -
 0, 13, 26, -
 0, 13, 26, -
 0, 13, 26, -
 0, 13, 26, -
 0, 13, 26, -
 0, 13, 26, -
#gpu, pwr, gtemp, mtemp
#Idx, W, C, C
 0, 13, 26, -
 0, 13, 26, -
 0, 13, 26, -
 0, 13, 26, -
 0, 13, 26, -
 0, 13, 26, -
 0, 13, 26, -
 0, 13, 26, -
 0, 13, 26, -
 0, 13, 26, -
 0, 13, 26, -
 0, 13, 26, -
 0, 13, 26, -
 0, 13, 26, -
 0, 13, 26, -
 0, 13, 26, -
 0, 13, 26, -
 0, 13, 26, -
 0, 13, 26, -
 0, 13, 26, -
 0, 13, 26, -
 0, 13, 26, -
 0, 13, 26, -
 0, 13, 26, -
 0, 13, 26, -
 0, 13, 26, -
 0, 13, 26, -
 0, 13, 26, -
 0, 13, 26, -
 0, 13, 26, -
 0, 13, 26, -
 0, 13, 26, -
 0, 13, 26, -
 0, 13, 26, -
 0, 13, 26, -
 0, 13, 26, -
 0, 13, 27, -
 0, 13, 26, -
 0, 13, 26, -
 0, 13, 26, -
 0, 14, 26, -
 0, 13, 26, -
 0, 13, 26, -
 0, 13, 26, -
#gpu, pwr, gtemp, mtemp
#Idx, W, C, C
 0, 13, 27, -
 0, 13, 26, -
 0, 13, 26, -
 0, 13, 26, -
 0, 13, 26, -
 0, 13, 26, -
 0, 13, 27, -
 0, 13, 26, -
 0, 13, 27, -
 0, 13, 26, -
 0, 13, 26, -
 0, 13, 27, -
 0, 13, 26, -
 0, 13, 27, -
 0, 13, 27, -
 0, 13, 27, -
 0, 13, 27, -
 0, 13, 26, -
 0, 14, 27, -
 0, 13, 27, -
 0, 13, 26, -
 0, 13, 27, -
 0, 13, 27, -
 0, 13, 27, -
 0, 13, 27, -
 0, 13, 27, -
 0, 13, 27, -
 0, 13, 27, -
 0, 13, 27, -
 0, 13, 27, -
 0, 13, 26, -
 0, 13, 27, -
 0, 13, 27, -
 0, 13, 27, -
 0, 13, 27, -
 0, 13, 27, -
 0, 13, 27, -
 0, 13, 27, -
 0, 13, 27, -
 0, 13, 27, -
 0, 13, 27, -
 0, 13, 27, -
 0, 13, 27, -
 0, 13, 27, -
#gpu, pwr, gtemp, mtemp
#Idx, W, C, C
 0, 13, 27, -
 0, 13, 27, -
 0, 13, 27, -
 0, 13, 27, -
 0, 13, 27, -
 0, 13, 27, -
 0, 13, 27, -
 0, 13, 27, -
 0, 13, 27, -
 0, 13, 27, -
 0, 13, 27, -
 0, 13, 27, -
 0, 13, 27, -
 0, 13, 27, -
 0, 13, 27, -
 0, 13, 27, -
 0, 13, 27, -
 0, 13, 27, -
 0, 13, 27, -
 0, 13, 27, -
 0, 13, 27, -
 0, 13, 27, -
 0, 13, 27, -
 0, 13, 27, -
 0, 13, 27, -
 0, 13, 27, -
 0, 13, 27, -
 0, 13, 27, -
 0, 13, 27, -
 0, 13, 27, -
 0, 13, 27, -
 0, 13, 27, -
 0, 13, 27, -
 0, 13, 27, -
 0, 13, 27, -
 0, 13, 27, -
 0, 13, 27, -
 0, 13, 27, -
 0, 13, 27, -
 0, 15, 28, -
 0, 34, 28, -
 0, 34, 28, -
 0, 34, 28, -
 0, 34, 28, -
#gpu, pwr, gtemp, mtemp
#Idx, W, C, C
 0, 25, 27, -
 0, 13, 27, -
 0, 13, 27, -
 0, 13, 27, -
 0, 13, 27, -
 0, 13, 27, -
 0, 13, 27, -
 0, 13, 27, -
 0, 13, 27, -
 0, 13, 27, -
 0, 13, 27, -
 0, 13, 27, -
 0, 13, 27, -
 0, 13, 27, -
 0, 13, 27, -
 0, 13, 27, -
 0, 13, 27, -
 0, 13, 27, -
 0, 13, 27, -
 0, 13, 27, -
 0, 13, 27, -
 0, 13, 27, -
 0, 13, 27, -
 0, 13, 27, -
 0, 13, 27, -
 0, 13, 27, -
 0, 13, 27, -
 0, 13, 27, -
 0, 13, 27, -
 0, 13, 27, -
 0, 13, 27, -
 0, 13, 27, -
 0, 13, 27, -
 0, 13, 27, -
 0, 13, 27, -
 0, 13, 27, -
 0, 13, 27, -
 0, 13, 27, -
 0, 13, 27, -
 0, 13, 27, -
 0, 13, 27, -
 0, 13, 27, -
 0, 13, 27, -
 0, 13, 27, -
#gpu, pwr, gtemp, mtemp
#Idx, W, C, C
 0, 13, 27, -
 0, 13, 27, -
 0, 13, 27, -
 0, 13, 27, -
 0, 13, 27, -
 0, 13, 27, -
 0, 13, 27, -
 0, 13, 27, -
 0, 13, 27, -
 0, 13, 27, -
 0, 13, 27, -
 0, 13, 27, -
 0, 13, 27, -
 0, 13, 27, -
 0, 13, 27, -
 0, 13, 27, -
 0, 13, 27, -
 0, 13, 27, -
 0, 13, 27, -
 0, 13, 27, -
 0, 13, 27, -
 0, 13, 27, -
 0, 13, 27, -
 0, 13, 27, -
 0, 13, 27, -
 0, 13, 27, -
 0, 13, 27, -
 0, 13, 27, -
 0, 13, 27, -
 0, 13, 27, -
 0, 13, 27, -
 0, 13, 27, -
 0, 13, 27, -
 0, 13, 27, -
 0, 13, 27, -
 0, 13, 27, -
 0, 13, 27, -
 0, 13, 27, -
 0, 13, 27, -
 0, 13, 27, -
 0, 13, 27, -
 0, 13, 27, -
 0, 13, 27, -
 0, 13, 27, -
#gpu, pwr, gtemp, mtemp
#Idx, W, C, C
 0, 22, 28, -
 0, 34, 28, -
 0, 34, 28, -
 0, 19, 27, -
 0, 14, 27, -
 0, 13, 27, -
 0, 13, 27, -
 0, 13, 27, -
 0, 13, 27, -
 0, 13, 27, -
 0, 13, 27, -
 0, 13, 27, -
 0, 13, 27, -
 0, 13, 27, -
 0, 13, 27, -
 0, 13, 27, -
 0, 13, 27, -
 0, 13, 27, -
 0, 13, 27, -
 0, 13, 27, -
 0, 13, 27, -
 0, 13, 27, -
 0, 13, 27, -
 0, 13, 27, -
 0, 13, 27, -
 0, 13, 27, -
 0, 13, 27, -
 0, 13, 27, -
 0, 13, 27, -
 0, 13, 27, -
 0, 13, 27, -
 0, 13, 27, -
 0, 13, 27, -
 0, 13, 27, -
 0, 13, 27, -
 0, 13, 27, -
 0, 13, 27, -
 0, 13, 27, -
 0, 13, 27, -
 0, 13, 27, -
 0, 14, 27, -
 0, 13, 27, -
 0, 13, 27, -
 0, 13, 27, -
#gpu, pwr, gtemp, mtemp
#Idx, W, C, C
 0, 13, 27, -
 0, 13, 27, -
 0, 13, 27, -
 0, 13, 27, -
 0, 13, 27, -
 0, 13, 27, -
 0, 13, 27, -
 0, 13, 27, -
 0, 13, 27, -
 0, 13, 27, -
 0, 13, 27, -
 0, 13, 27, -
 0, 13, 27, -
 0, 13, 27, -
 0, 13, 27, -
 0, 13, 27, -
 0, 13, 27, -
 0, 13, 27, -
 0, 13, 27, -
 0, 13, 27, -
 0, 13, 27, -
 0, 13, 27, -
 0, 13, 27, -
 0, 13, 27, -
 0, 13, 27, -
 0, 13, 27, -
 0, 13, 27, -
 0, 13, 27, -
 0, 13, 27, -
 0, 13, 27, -
 0, 13, 27, -
 0, 13, 27, -
 0, 13, 27, -
 0, 13, 27, -
 0, 13, 27, -
 0, 13, 27, -
 0, 13, 27, -
 0, 13, 27, -
 0, 13, 27, -
 0, 13, 27, -
 0, 13, 27, -
 0, 13, 27, -
 0, 13, 27, -
 0, 13, 27, -
#gpu, pwr, gtemp, mtemp
#Idx, W, C, C
 0, 13, 27, -
 0, 13, 27, -
 0, 13, 27, -
 0, 13, 27, -
 0, 13, 27, -
 0, 13, 27, -
 0, 13, 27, -
 0, 13, 27, -
 0, 13, 27, -
 0, 13, 27, -
 0, 13, 27, -
 0, 13, 27, -
 0, 13, 27, -
 0, 13, 27, -
 0, 13, 27, -
 0, 13, 27, -
 0, 13, 27, -
 0, 13, 27, -
 0, 13, 27, -
 0, 13, 27, -
 0, 13, 27, -
 0, 13, 27, -
 0, 13, 27, -
 0, 13, 27, -
 0, 13, 27, -
 0, 13, 27, -
 0, 13, 27, -
 0, 13, 27, -
 0, 13, 27, -
 0, 13, 27, -
 0, 13, 27, -
 0, 13, 27, -
 0, 13, 27, -
 0, 13, 27, -
 0, 13, 27, -
 0, 13, 27, -
 0, 13, 27, -
 0, 13, 27, -
 0, 13, 27, -
 0, 13, 27, -
 0, 13, 27, -
 0, 13, 27, -
 0, 14, 27, -
 0, 13, 27, -
#gpu, pwr, gtemp, mtemp
#Idx, W, C, C
 0, 13, 27, -
 0, 13, 27, -
 0, 13, 27, -
 0, 13, 27, -
 0, 14, 27, -
 0, 13, 27, -
 0, 14, 27, -
 0, 13, 27, -
 0, 13, 27, -
 0, 13, 27, -
 0, 13, 27, -
 0, 13, 27, -
 0, 13, 27, -
 0, 13, 27, -
 0, 13, 27, -
 0, 13, 27, -
 0, 13, 27, -
 0, 13, 27, -
 0, 13, 27, -
 0, 13, 27, -
 0, 13, 27, -
 0, 13, 27, -
 0, 13, 27, -
 0, 13, 27, -
 0, 13, 27, -
 0, 13, 27, -
 0, 14, 27, -
 0, 13, 27, -
 0, 13, 27, -
 0, 13, 27, -
 0, 13, 27, -
 0, 13, 27, -
 0, 13, 27, -
 0, 13, 27, -
 0, 13, 27, -
 0, 13, 27, -
 0, 13, 27, -
 0, 13, 27, -
 0, 13, 27, -
 0, 13, 27, -
 0, 13, 27, -
 0, 13, 27, -
 0, 13, 27, -
 0, 13, 27, -
#gpu, pwr, gtemp, mtemp
#Idx, W, C, C
 0, 13, 27, -
 0, 13, 27, -
 0, 13, 27, -
 0, 13, 27, -
 0, 13, 27, -
 0, 13, 27, -
 0, 13, 27, -
 0, 13, 27, -
 0, 13, 27, -
 0, 13, 27, -
 0, 13, 27, -
 0, 13, 27, -
 0, 13, 27, -
 0, 13, 27, -
 0, 13, 27, -
 0, 13, 27, -
 0, 13, 27, -
 0, 13, 27, -
 0, 13, 27, -
 0, 13, 27, -
 0, 13, 27, -
 0, 13, 27, -
 0, 13, 27, -
 0, 13, 27, -
 0, 13, 27, -
 0, 13, 27, -
 0, 13, 27, -
 0, 13, 27, -
 0, 13, 27, -
 0, 13, 27, -
 0, 13, 27, -
 0, 13, 27, -
 0, 13, 27, -
 0, 13, 27, -
 0, 13, 27, -
 0, 13, 27, -
 0, 13, 27, -
 0, 13, 27, -
 0, 13, 27, -
 0, 13, 27, -
 0, 13, 27, -
 0, 13, 27, -
 0, 13, 27, -
 0, 13, 27, -
#gpu, pwr, gtemp, mtemp
#Idx, W, C, C
 0, 13, 27, -
 0, 13, 27, -
 0, 13, 27, -
 0, 13, 27, -
 0, 13, 27, -
 0, 13, 27, -
 0, 13, 27, -
 0, 13, 27, -
 0, 13, 27, -
 0, 13, 27, -
 0, 13, 27, -
 0, 13, 27, -
 0, 13, 27, -
 0, 13, 27, -
 0, 13, 27, -
 0, 13, 27, -
 0, 13, 27, -
 0, 13, 27, -
 0, 13, 27, -
 0, 13, 27, -
 0, 13, 27, -
 0, 13, 27, -
 0, 13, 27, -
 0, 13, 27, -
 0, 13, 27, -
 0, 13, 27, -
 0, 13, 27, -
 0, 13, 27, -
 0, 13, 27, -
 0, 13, 27, -
 0, 13, 27, -
 0, 13, 27, -
 0, 13, 27, -
 0, 13, 27, -
 0, 13, 27, -
 0, 13, 27, -
 0, 13, 27, -
 0, 13, 27, -
 0, 13, 27, -
 0, 13, 27, -
 0, 13, 27, -
 0, 13, 27, -
 0, 13, 27, -
 0, 13, 27, -
#gpu, pwr, gtemp, mtemp
#Idx, W, C, C
 0, 13, 27, -
 0, 13, 27, -
 0, 13, 27, -
 0, 13, 27, -
 0, 13, 27, -
 0, 13, 27, -
 0, 13, 27, -
 0, 13, 27, -
 0, 13, 27, -
 0, 13, 27, -
 0, 13, 27, -
 0, 13, 27, -
 0, 13, 27, -
 0, 13, 27, -
 0, 13, 27, -
 0, 13, 27, -
 0, 13, 27, -
 0, 13, 27, -
 0, 13, 27, -
 0, 13, 27, -
 0, 13, 27, -
 0, 13, 27, -
 0, 13, 27, -
 0, 13, 27, -
 0, 13, 27, -
 0, 13, 27, -
 0, 13, 27, -
 0, 13, 27, -
 0, 13, 27, -
 0, 13, 27, -
 0, 13, 27, -
 0, 13, 27, -
 0, 13, 27, -
 0, 13, 27, -
 0, 13, 27, -
 0, 13, 27, -
 0, 13, 27, -
 0, 13, 27, -
 0, 13, 27, -
 0, 13, 27, -
 0, 13, 27, -
 0, 13, 27, -
 0, 13, 27, -
 0, 13, 27, -
#gpu, pwr, gtemp, mtemp
#Idx, W, C, C
 0, 13, 27, -
 0, 13, 27, -
 0, 13, 27, -
 0, 13, 27, -
 0, 13, 27, -
 0, 13, 27, -
 0, 13, 27, -
 0, 13, 27, -
 0, 13, 27, -
 0, 13, 27, -
 0, 13, 27, -
 0, 13, 27, -
 0, 13, 27, -
 0, 13, 27, -
 0, 13, 27, -
 0, 13, 27, -
 0, 13, 27, -
 0, 13, 27, -
 0, 13, 27, -
 0, 13, 27, -
 0, 13, 27, -
 0, 13, 27, -
 0, 13, 27, -
 0, 13, 27, -
 0, 13, 27, -
 0, 13, 27, -
 0, 13, 27, -
 0, 13, 27, -
 0, 13, 27, -
 0, 13, 27, -
 0, 13, 27, -
 0, 13, 27, -
 0, 13, 27, -
 0, 13, 27, -
 0, 13, 27, -
 0, 13, 27, -
 0, 13, 27, -
 0, 13, 27, -
 0, 13, 27, -
 0, 13, 27, -
 0, 13, 27, -
 0, 13, 27, -
 0, 13, 27, -
 0, 13, 27, -
#gpu, pwr, gtemp, mtemp
#Idx, W, C, C
 0, 13, 27, -
 0, 13, 27, -
 0, 13, 27, -
 0, 13, 27, -
 0, 13, 27, -
 0, 13, 27, -
 0, 13, 27, -
 0, 13, 27, -
 0, 13, 27, -
 0, 13, 27, -
 0, 13, 27, -
 0, 13, 27, -
 0, 13, 27, -
 0, 13, 27, -
 0, 13, 27, -
 0, 13, 27, -
 0, 13, 27, -
 0, 13, 27, -
 0, 13, 27, -
 0, 13, 27, -
 0, 13, 27, -
 0, 13, 27, -
 0, 13, 27, -
 0, 13, 27, -
 0, 13, 27, -
 0, 13, 27, -
 0, 13, 27, -
 0, 13, 27, -
 0, 13, 27, -
 0, 13, 27, -
 0, 13, 27, -
 0, 13, 27, -
 0, 13, 27, -
 0, 13, 27, -
 0, 13, 27, -
 0, 13, 27, -
 0, 13, 27, -
 0, 13, 27, -
 0, 13, 27, -
 0, 13, 27, -
 0, 13, 27, -
 0, 13, 27, -
 0, 13, 27, -
 0, 13, 27, -
#gpu, pwr, gtemp, mtemp
#Idx, W, C, C
 0, 13, 27, -
 0, 13, 27, -
 0, 13, 27, -
 0, 13, 27, -
 0, 13, 27, -
 0, 13, 27, -
 0, 13, 27, -
 0, 13, 27, -
 0, 13, 27, -
 0, 13, 27, -
 0, 13, 27, -
 0, 13, 27, -
 0, 13, 27, -
 0, 13, 27, -
 0, 13, 27, -
 0, 13, 27, -
 0, 13, 27, -
 0, 13, 27, -
 0, 13, 27, -
 0, 13, 27, -
 0, 13, 27, -
 0, 13, 27, -
 0, 13, 27, -
 0, 13, 27, -
 0, 13, 27, -
 0, 13, 27, -
 0, 13, 27, -
 0, 13, 27, -
 0, 13, 27, -
 0, 13, 27, -
 0, 13, 27, -
 0, 13, 27, -
 0, 13, 27, -
 0, 13, 27, -
 0, 13, 27, -
 0, 13, 27, -
 0, 13, 27, -
 0, 13, 27, -
 0, 13, 27, -
 0, 13, 27, -
 0, 13, 27, -
 0, 13, 27, -
 0, 13, 27, -
 0, 13, 27, -
#gpu, pwr, gtemp, mtemp
#Idx, W, C, C
 0, 13, 27, -
 0, 13, 27, -
 0, 13, 27, -
 0, 13, 27, -
 0, 13, 27, -
 0, 13, 27, -
 0, 13, 27, -
 0, 13, 27, -
 0, 13, 27, -
 0, 13, 27, -
 0, 13, 27, -
 0, 13, 27, -
 0, 13, 27, -
 0, 13, 27, -
 0, 13, 27, -
 0, 13, 27, -
 0, 13, 27, -
 0, 13, 27, -
 0, 13, 27, -
 0, 13, 27, -
 0, 13, 27, -
 0, 13, 27, -
 0, 13, 27, -
 0, 13, 27, -
 0, 13, 27, -
 0, 13, 27, -
 0, 13, 27, -
 0, 13, 27, -
 0, 13, 27, -
 0, 13, 27, -
 0, 13, 27, -
 0, 13, 27, -
 0, 13, 27, -
 0, 13, 27, -
 0, 13, 27, -
 0, 13, 27, -
 0, 13, 27, -
 0, 13, 27, -
 0, 13, 27, -
 0, 13, 27, -
 0, 13, 27, -
 0, 13, 27, -
 0, 13, 27, -
 0, 13, 27, -
#gpu, pwr, gtemp, mtemp
#Idx, W, C, C
 0, 13, 27, -
 0, 13, 27, -
 0, 13, 27, -
 0, 13, 27, -
 0, 13, 27, -
 0, 13, 27, -
 0, 13, 27, -
 0, 13, 27, -
 0, 13, 27, -
 0, 13, 27, -
 0, 13, 27, -
 0, 13, 27, -
 0, 13, 27, -
 0, 13, 27, -
 0, 13, 27, -
 0, 13, 27, -
 0, 13, 27, -
 0, 13, 27, -
 0, 13, 27, -
 0, 13, 27, -
 0, 13, 27, -
 0, 13, 27, -
 0, 13, 27, -
 0, 13, 27, -
 0, 13, 27, -
 0, 13, 27, -
 0, 13, 27, -
 0, 13, 27, -
 0, 13, 27, -
 0, 13, 27, -
 0, 13, 27, -
 0, 13, 27, -
 0, 13, 27, -
 0, 13, 27, -
 0, 13, 27, -
 0, 13, 27, -
 0, 13, 27, -
 0, 13, 27, -
 0, 13, 27, -
 0, 13, 27, -
 0, 13, 27, -
 0, 13, 27, -
 0, 13, 27, -
 0, 13, 27, -
#gpu, pwr, gtemp, mtemp
#Idx, W, C, C
 0, 13, 27, -
 0, 13, 27, -
 0, 13, 27, -
 0, 13, 27, -
 0, 13, 27, -
 0, 13, 27, -
 0, 13, 27, -
 0, 13, 27, -
 0, 13, 27, -
 0, 13, 27, -
 0, 13, 27, -
 0, 13, 27, -
 0, 13, 27, -
 0, 13, 27, -
 0, 13, 27, -
 0, 13, 27, -
 0, 13, 27, -
 0, 13, 27, -
 0, 13, 27, -
 0, 13, 27, -
 0, 13, 27, -
 0, 13, 27, -
 0, 13, 27, -
 0, 13, 27, -
 0, 13, 27, -
 0, 13, 27, -
 0, 13, 27, -
 0, 13, 27, -
 0, 13, 27, -
 0, 13, 27, -
 0, 13, 27, -
 0, 13, 27, -
 0, 13, 27, -
 0, 13, 27, -
 0, 13, 27, -
 0, 13, 27, -
 0, 13, 27, -
 0, 13, 27, -
 0, 13, 27, -
 0, 13, 27, -
 0, 13, 27, -
 0, 13, 27, -
 0, 13, 27, -
 0, 13, 27, -
#gpu, pwr, gtemp, mtemp
#Idx, W, C, C
 0, 13, 27, -
 0, 13, 27, -
 0, 13, 27, -
 0, 13, 27, -
 0, 13, 27, -
 0, 13, 27, -
 0, 13, 27, -
 0, 13, 27, -
 0, 13, 27, -
 0, 13, 27, -
 0, 13, 27, -
 0, 13, 27, -
 0, 13, 27, -
 0, 13, 27, -
 0, 13, 27, -
 0, 13, 27, -
 0, 13, 27, -
 0, 13, 27, -
 0, 13, 27, -
 0, 13, 27, -
 0, 13, 27, -
 0, 13, 27, -
 0, 13, 27, -
 0, 13, 27, -
 0, 13, 27, -
 0, 13, 27, -
 0, 13, 27, -
 0, 13, 27, -
 0, 13, 27, -
 0, 13, 27, -
 0, 13, 27, -
 0, 13, 27, -
 0, 13, 27, -
 0, 13, 27, -
 0, 13, 27, -
 0, 13, 27, -
 0, 13, 27, -
 0, 13, 27, -
 0, 13, 27, -
 0, 13, 27, -
 0, 13, 27, -
 0, 13, 27, -
 0, 13, 27, -
 0, 13, 27, -
#gpu, pwr, gtemp, mtemp
#Idx, W, C, C
 0, 13, 27, -
 0, 13, 27, -
 0, 13, 27, -
 0, 13, 27, -
 0, 13, 27, -
 0, 13, 27, -
 0, 13, 27, -
 0, 13, 27, -
 0, 13, 27, -
 0, 13, 27, -
 0, 13, 27, -
 0, 13, 27, -
 0, 13, 27, -
 0, 13, 27, -
 0, 13, 27, -
 0, 13, 27, -
 0, 13, 27, -
 0, 13, 27, -
 0, 13, 27, -
 0, 13, 27, -
 0, 13, 27, -
 0, 13, 27, -
 0, 13, 27, -
 0, 13, 27, -
 0, 13, 27, -
 0, 13, 27, -
 0, 13, 27, -
 0, 13, 27, -
 0, 13, 27, -
 0, 13, 27, -
 0, 13, 27, -
 0, 13, 27, -
 0, 13, 27, -
 0, 13, 27, -
 0, 13, 27, -
 0, 13, 27, -
 0, 13, 27, -
 0, 13, 27, -
 0, 13, 27, -
 0, 13, 27, -
 0, 13, 27, -
 0, 13, 27, -
 0, 13, 27, -
 0, 13, 27, -
#gpu, pwr, gtemp, mtemp
#Idx, W, C, C
 0, 13, 27, -
 0, 13, 27, -
 0, 13, 27, -
 0, 13, 27, -
 0, 13, 27, -
 0, 13, 27, -
 0, 13, 27, -
 0, 13, 27, -
 0, 13, 27, -
 0, 13, 27, -
 0, 13, 27, -
 0, 13, 27, -
 0, 13, 27, -
 0, 13, 27, -
 0, 13, 27, -
 0, 13, 27, -
 0, 13, 27, -
 0, 13, 27, -
 0, 13, 27, -
 0, 13, 27, -
 0, 13, 27, -
 0, 13, 27, -
 0, 13, 27, -
 0, 13, 27, -
 0, 13, 27, -
 0, 13, 27, -
 0, 13, 27, -
 0, 13, 27, -
 0, 13, 27, -
 0, 13, 27, -
 0, 13, 27, -
 0, 13, 27, -
 0, 13, 27, -
 0, 13, 27, -
 0, 13, 27, -
 0, 13, 27, -
 0, 13, 27, -
 0, 13, 27, -
 0, 13, 27, -
 0, 13, 27, -
 0, 13, 27, -
 0, 13, 27, -
 0, 13, 27, -
 0, 13, 27, -
#gpu, pwr, gtemp, mtemp
#Idx, W, C, C
 0, 13, 27, -
 0, 13, 27, -
 0, 13, 27, -
 0, 13, 27, -
 0, 13, 27, -
 0, 13, 27, -
 0, 13, 27, -
 0, 13, 27, -
 0, 13, 27, -
 0, 13, 27, -
 0, 13, 27, -
 0, 13, 27, -
 0, 13, 27, -
 0, 13, 27, -
 0, 13, 27, -
 0, 13, 27, -
 0, 13, 27, -
 0, 13, 27, -
 0, 13, 27, -
 0, 13, 27, -
 0, 13, 27, -
 0, 13, 27, -
 0, 13, 27, -
 0, 13, 27, -
 0, 13, 27, -
 0, 13, 27, -
 0, 13, 27, -
 0, 13, 27, -
 0, 13, 27, -
 0, 13, 27, -
 0, 13, 27, -
 0, 13, 27, -
 0, 13, 27, -
 0, 13, 27, -
 0, 13, 27, -
 0, 13, 27, -
 0, 13, 27, -
 0, 13, 27, -
 0, 13, 27, -
 0, 13, 27, -
 0, 13, 27, -
 0, 13, 27, -
 0, 13, 27, -
 0, 13, 27, -
#gpu, pwr, gtemp, mtemp
#Idx, W, C, C
 0, 13, 27, -
 0, 13, 27, -
 0, 13, 27, -
 0, 13, 27, -
 0, 13, 27, -
 0, 13, 27, -
 0, 13, 27, -
 0, 13, 27, -
 0, 13, 27, -
 0, 13, 27, -
 0, 13, 27, -
 0, 13, 27, -
 0, 13, 27, -
 0, 13, 27, -
 0, 13, 27, -
 0, 13, 27, -
 0, 13, 27, -
 0, 13, 27, -
 0, 13, 27, -
 0, 13, 27, -
 0, 13, 27, -
 0, 13, 27, -
 0, 13, 27, -
 0, 13, 27, -
 0, 13, 27, -
 0, 13, 27, -
 0, 13, 27, -
 0, 13, 27, -
 0, 13, 27, -
 0, 13, 27, -
 0, 13, 27, -
 0, 13, 27, -
 0, 13, 27, -
 0, 13, 27, -
 0, 13, 27, -
 0, 13, 27, -
 0, 13, 27, -
 0, 13, 27, -
 0, 13, 27, -
 0, 13, 27, -
 0, 13, 27, -
 0, 13, 27, -
 0, 13, 27, -
 0, 13, 27, -
#gpu, pwr, gtemp, mtemp
#Idx, W, C, C
 0, 13, 27, -
 0, 13, 27, -
 0, 13, 27, -
 0, 13, 27, -
 0, 13, 27, -
 0, 13, 27, -
 0, 13, 27, -
 0, 13, 27, -
 0, 13, 27, -
 0, 13, 27, -
 0, 13, 27, -
 0, 13, 27, -
 0, 13, 27, -
 0, 13, 27, -
 0, 13, 27, -
 0, 13, 27, -
 0, 13, 27, -
 0, 13, 27, -
 0, 13, 27, -
 0, 13, 27, -
 0, 13, 27, -
 0, 13, 27, -
 0, 13, 27, -
 0, 13, 27, -
 0, 13, 27, -
 0, 13, 27, -
 0, 13, 27, -
 0, 13, 27, -
 0, 13, 27, -
 0, 13, 27, -
 0, 13, 27, -
 0, 13, 27, -
 0, 13, 27, -
 0, 13, 27, -
 0, 13, 27, -
 0, 13, 27, -
 0, 13, 27, -
 0, 13, 27, -
 0, 13, 27, -
 0, 13, 27, -
 0, 13, 27, -
 0, 13, 27, -
 0, 13, 27, -
 0, 13, 27, -
#gpu, pwr, gtemp, mtemp
#Idx, W, C, C
 0, 13, 27, -
 0, 13, 27, -
 0, 13, 27, -
 0, 13, 27, -
 0, 13, 27, -
 0, 13, 27, -
 0, 13, 27, -
 0, 13, 27, -
 0, 13, 27, -
 0, 13, 27, -
 0, 13, 27, -
 0, 13, 27, -
 0, 13, 27, -
 0, 13, 27, -
 0, 13, 27, -
 0, 13, 27, -
 0, 13, 27, -
 0, 13, 27, -
 0, 13, 27, -
 0, 13, 27, -
 0, 13, 27, -
 0, 13, 27, -
 0, 13, 27, -
 0, 13, 27, -
 0, 13, 27, -
 0, 13, 27, -
 0, 13, 27, -
 0, 13, 27, -
 0, 13, 27, -
 0, 13, 27, -
 0, 13, 27, -
 0, 13, 27, -
 0, 13, 27, -
 0, 13, 27, -
 0, 13, 27, -
 0, 13, 27, -
 0, 13, 27, -
 0, 13, 27, -
 0, 13, 27, -
 0, 13, 27, -
 0, 13, 27, -
 0, 13, 27, -
 0, 13, 27, -
 0, 13, 27, -
#gpu, pwr, gtemp, mtemp
#Idx, W, C, C
 0, 13, 27, -
 0, 13, 27, -
 0, 13, 27, -
 0, 13, 27, -
 0, 13, 27, -
 0, 13, 27, -
 0, 13, 27, -
 0, 13, 27, -
 0, 13, 27, -
 0, 13, 27, -
 0, 13, 27, -
 0, 13, 27, -
 0, 13, 27, -
 0, 13, 27, -
 0, 13, 27, -
 0, 13, 27, -
 0, 13, 27, -
 0, 13, 27, -
 0, 13, 27, -
 0, 13, 27, -
 0, 13, 27, -
 0, 13, 27, -
 0, 13, 27, -
 0, 13, 27, -
 0, 13, 27, -
 0, 13, 27, -
 0, 13, 27, -
 0, 13, 27, -
 0, 13, 27, -
 0, 13, 27, -
 0, 13, 27, -
 0, 13, 27, -
 0, 13, 27, -
 0, 13, 27, -
 0, 13, 27, -
 0, 13, 27, -
 0, 13, 27, -
 0, 13, 27, -
 0, 13, 27, -
 0, 13, 27, -
 0, 13, 27, -
 0, 13, 27, -
 0, 13, 27, -
 0, 13, 27, -
#gpu, pwr, gtemp, mtemp
#Idx, W, C, C
 0, 13, 27, -
 0, 13, 27, -
 0, 13, 27, -
 0, 13, 27, -
 0, 13, 27, -
 0, 13, 27, -
 0, 13, 27, -
 0, 13, 27, -
 0, 13, 27, -
 0, 13, 27, -
 0, 13, 27, -
 0, 13, 27, -
 0, 13, 27, -
 0, 13, 27, -
 0, 13, 27, -
 0, 13, 27, -
 0, 13, 27, -
 0, 13, 27, -
 0, 13, 27, -
 0, 13, 27, -
 0, 13, 27, -
 0, 13, 27, -
 0, 13, 27, -
 0, 13, 27, -
 0, 13, 27, -
 0, 13, 27, -
 0, 13, 27, -
 0, 13, 27, -
 0, 13, 27, -
 0, 13, 27, -
 0, 13, 27, -
 0, 13, 27, -
 0, 13, 27, -
 0, 13, 27, -
 0, 13, 27, -
 0, 13, 27, -
 0, 13, 27, -
 0, 13, 27, -
 0, 13, 27, -
 0, 13, 27, -
 0, 13, 27, -
 0, 13, 27, -
 0, 13, 27, -
 0, 13, 27, -
#gpu, pwr, gtemp, mtemp
#Idx, W, C, C
 0, 13, 27, -
 0, 13, 27, -
 0, 13, 27, -
 0, 13, 27, -
 0, 13, 27, -
 0, 13, 27, -
 0, 13, 27, -
 0, 13, 27, -
 0, 13, 27, -
 0, 13, 27, -
 0, 13, 27, -
 0, 13, 27, -
 0, 13, 27, -
 0, 13, 27, -
 0, 13, 27, -
 0, 13, 27, -
 0, 13, 27, -
 0, 13, 27, -
 0, 13, 27, -
 0, 13, 27, -
 0, 13, 27, -
 0, 13, 27, -
 0, 13, 27, -
 0, 13, 27, -
 0, 13, 27, -
 0, 13, 27, -
 0, 13, 27, -
 0, 13, 27, -
 0, 13, 27, -
 0, 13, 27, -
 0, 13, 27, -
 0, 13, 27, -
 0, 13, 27, -
 0, 13, 27, -
 0, 13, 27, -
 0, 13, 27, -
 0, 13, 27, -
 0, 13, 27, -
 0, 13, 27, -
 0, 13, 27, -
 0, 13, 27, -
 0, 13, 27, -
 0, 13, 27, -
 0, 13, 27, -
#gpu, pwr, gtemp, mtemp
#Idx, W, C, C
 0, 13, 27, -
 0, 13, 27, -
 0, 13, 27, -
 0, 13, 27, -
 0, 13, 27, -
 0, 13, 27, -
 0, 13, 27, -
 0, 13, 27, -
 0, 13, 27, -
 0, 13, 27, -
 0, 13, 27, -
 0, 13, 27, -
 0, 13, 27, -
 0, 13, 27, -
 0, 13, 27, -
 0, 13, 27, -
 0, 13, 27, -
 0, 13, 27, -
 0, 13, 27, -
 0, 13, 27, -
 0, 13, 27, -
 0, 13, 27, -
 0, 13, 27, -
 0, 13, 27, -
 0, 13, 27, -
 0, 13, 27, -
 0, 13, 27, -
 0, 13, 27, -
 0, 13, 27, -
 0, 13, 27, -
 0, 13, 27, -
 0, 13, 27, -
 0, 13, 27, -
 0, 13, 27, -
 0, 13, 27, -
 0, 13, 27, -
 0, 13, 27, -
 0, 13, 27, -
 0, 13, 27, -
 0, 13, 27, -
 0, 13, 27, -
 0, 13, 27, -
 0, 13, 27, -
 0, 13, 27, -
#gpu, pwr, gtemp, mtemp
#Idx, W, C, C
 0, 13, 27, -
 0, 13, 27, -
 0, 13, 27, -
 0, 13, 27, -
 0, 13, 27, -
 0, 13, 27, -
 0, 13, 27, -
 0, 13, 27, -
 0, 13, 27, -
 0, 13, 27, -
 0, 13, 27, -
 0, 13, 27, -
 0, 13, 27, -
 0, 13, 27, -
 0, 13, 27, -
 0, 13, 27, -
 0, 13, 27, -
 0, 13, 27, -
 0, 13, 27, -
 0, 13, 27, -
 0, 13, 27, -
 0, 13, 27, -
 0, 13, 27, -
 0, 13, 27, -
 0, 13, 27, -
 0, 13, 27, -
 0, 13, 27, -
 0, 13, 27, -
 0, 13, 27, -
 0, 13, 27, -
 0, 14, 27, -
 0, 14, 27, -
 0, 14, 27, -
 0, 14, 27, -
 0, 14, 27, -
 0, 14, 27, -
 0, 14, 27, -
 0, 14, 27, -
 0, 14, 27, -
 0, 14, 27, -
 0, 14, 27, -
 0, 14, 27, -
 0, 14, 27, -
 0, 14, 27, -
#gpu, pwr, gtemp, mtemp
#Idx, W, C, C
 0, 14, 27, -
 0, 13, 27, -
 0, 13, 27, -
 0, 13, 27, -
 0, 13, 27, -
 0, 13, 27, -
 0, 13, 27, -
 0, 13, 27, -
 0, 13, 27, -
 0, 13, 27, -
 0, 13, 27, -
 0, 13, 27, -
 0, 13, 27, -
 0, 13, 27, -
 0, 13, 27, -
 0, 13, 27, -
 0, 13, 27, -
 0, 13, 27, -
 0, 13, 27, -
 0, 13, 27, -
 0, 13, 27, -
 0, 13, 27, -
 0, 13, 27, -
 0, 13, 27, -
 0, 13, 27, -
 0, 13, 27, -
 0, 13, 27, -
 0, 13, 27, -
 0, 13, 27, -
 0, 13, 27, -
 0, 13, 27, -
 0, 13, 27, -
 0, 13, 27, -
 0, 13, 27, -
 0, 13, 27, -
 0, 13, 27, -
 0, 13, 27, -
 0, 13, 27, -
 0, 13, 27, -
 0, 13, 27, -
 0, 13, 27, -
 0, 13, 27, -
 0, 13, 27, -
 0, 13, 27, -
#gpu, pwr, gtemp, mtemp
#Idx, W, C, C
 0, 13, 27, -
 0, 13, 27, -
 0, 13, 27, -
 0, 13, 27, -
 0, 13, 27, -
 0, 13, 27, -
 0, 13, 27, -
 0, 13, 27, -
 0, 13, 27, -
 0, 13, 27, -
 0, 13, 27, -
 0, 13, 27, -
 0, 13, 27, -
 0, 13, 27, -
 0, 13, 27, -
 0, 13, 27, -
 0, 13, 27, -
 0, 13, 27, -
 0, 13, 27, -
 0, 13, 27, -
 0, 13, 27, -
 0, 13, 27, -
 0, 13, 27, -
 0, 13, 27, -
 0, 13, 27, -
 0, 13, 27, -
 0, 13, 27, -
 0, 13, 27, -
 0, 13, 27, -
 0, 13, 27, -
 0, 13, 27, -
 0, 13, 27, -
 0, 13, 27, -
 0, 13, 27, -
 0, 13, 27, -
 0, 13, 27, -
 0, 13, 27, -
 0, 13, 27, -
 0, 13, 27, -
 0, 13, 27, -
 0, 13, 27, -
 0, 13, 27, -
 0, 13, 27, -
 0, 13, 27, -
#gpu, pwr, gtemp, mtemp
#Idx, W, C, C
 0, 13, 27, -
 0, 13, 27, -
 0, 13, 27, -
 0, 13, 27, -
 0, 13, 27, -
 0, 13, 27, -
 0, 13, 27, -
 0, 13, 27, -
 0, 13, 27, -
 0, 13, 27, -
 0, 13, 27, -
 0, 13, 27, -
 0, 13, 27, -
 0, 13, 27, -
 0, 13, 27, -
 0, 13, 27, -
 0, 13, 27, -
 0, 13, 27, -
 0, 13, 27, -
 0, 13, 27, -
 0, 13, 27, -
 0, 13, 27, -
 0, 13, 27, -
 0, 13, 27, -
 0, 13, 27, -
 0, 13, 27, -
 0, 13, 27, -
 0, 13, 27, -
 0, 13, 27, -
 0, 13, 27, -
 0, 13, 27, -
 0, 13, 27, -
 0, 13, 27, -
 0, 13, 27, -
 0, 13, 27, -
 0, 13, 27, -
 0, 13, 27, -
 0, 13, 27, -
 0, 13, 27, -
 0, 13, 27, -
 0, 13, 27, -
 0, 13, 27, -
 0, 13, 27, -
 0, 13, 27, -
#gpu, pwr, gtemp, mtemp
#Idx, W, C, C
 0, 13, 27, -
 0, 13, 27, -
 0, 13, 27, -
 0, 13, 27, -
 0, 13, 27, -
 0, 13, 27, -
 0, 13, 27, -
 0, 13, 27, -
 0, 13, 27, -
 0, 13, 27, -
 0, 13, 27, -
 0, 13, 27, -
 0, 13, 27, -
 0, 13, 27, -
 0, 13, 27, -
 0, 13, 27, -
 0, 13, 27, -
 0, 13, 27, -
 0, 13, 27, -
 0, 13, 27, -
 0, 13, 27, -
 0, 13, 27, -
 0, 13, 27, -
 0, 13, 27, -
 0, 13, 27, -
 0, 13, 27, -
 0, 13, 27, -
 0, 13, 27, -
 0, 13, 27, -
 0, 13, 27, -
 0, 13, 27, -
 0, 13, 27, -
 0, 13, 27, -
 0, 13, 27, -
 0, 13, 27, -
 0, 13, 27, -
 0, 13, 27, -
 0, 13, 27, -
 0, 13, 27, -
 0, 13, 27, -
 0, 13, 27, -
 0, 13, 27, -
 0, 13, 27, -
 0, 13, 27, -
#gpu, pwr, gtemp, mtemp
#Idx, W, C, C
 0, 13, 27, -
 0, 13, 27, -
 0, 13, 27, -
 0, 13, 27, -
 0, 13, 27, -
 0, 13, 27, -
 0, 13, 27, -
 0, 13, 27, -
 0, 13, 27, -
 0, 13, 27, -
 0, 13, 27, -
 0, 13, 27, -
 0, 13, 27, -
 0, 13, 27, -
 0, 13, 27, -
 0, 13, 27, -
 0, 13, 27, -
 0, 13, 27, -
 0, 13, 27, -
 0, 13, 27, -
 0, 13, 27, -
 0, 13, 27, -
 0, 13, 27, -
 0, 13, 27, -
 0, 13, 27, -
 0, 13, 27, -
 0, 13, 27, -
 0, 13, 27, -
 0, 13, 27, -
 0, 13, 27, -
 0, 13, 27, -
 0, 13, 27, -
 0, 13, 27, -
 0, 13, 27, -
 0, 13, 27, -
 0, 13, 27, -
 0, 13, 27, -
 0, 13, 27, -
 0, 13, 27, -
 0, 13, 27, -
 0, 13, 27, -
 0, 13, 27, -
 0, 13, 27, -
 0, 13, 27, -
#gpu, pwr, gtemp, mtemp
#Idx, W, C, C
 0, 14, 27, -
 0, 13, 27, -
 0, 13, 27, -
 0, 13, 27, -
 0, 13, 27, -
 0, 13, 27, -
 0, 13, 27, -
 0, 13, 27, -
 0, 14, 27, -
 0, 13, 27, -
 0, 13, 27, -
 0, 13, 27, -
 0, 13, 27, -
 0, 13, 27, -
 0, 13, 27, -
 0, 13, 27, -
 0, 13, 27, -
 0, 13, 27, -
 0, 13, 27, -
 0, 13, 27, -
 0, 13, 27, -
 0, 13, 27, -
 0, 14, 27, -
 0, 13, 27, -
 0, 13, 27, -
 0, 13, 27, -
 0, 13, 27, -
 0, 13, 27, -
 0, 13, 27, -
 0, 13, 27, -
 0, 13, 27, -
 0, 13, 27, -
 0, 13, 27, -
 0, 13, 27, -
 0, 13, 27, -
 0, 13, 27, -
 0, 13, 27, -
 0, 13, 27, -
 0, 13, 27, -
 0, 13, 27, -
 0, 13, 27, -
 0, 13, 27, -
 0, 13, 27, -
 0, 13, 27, -
#gpu, pwr, gtemp, mtemp
#Idx, W, C, C
 0, 13, 27, -
 0, 13, 27, -
 0, 13, 27, -
 0, 13, 27, -
 0, 13, 27, -
 0, 13, 27, -
 0, 13, 27, -
 0, 13, 27, -
 0, 13, 27, -
 0, 13, 27, -
 0, 13, 27, -
 0, 13, 27, -
 0, 13, 27, -
 0, 13, 27, -
 0, 13, 27, -
 0, 13, 27, -
 0, 13, 27, -
 0, 13, 27, -
 0, 13, 27, -
 0, 13, 27, -
 0, 13, 27, -
 0, 13, 27, -
 0, 13, 27, -
 0, 13, 27, -
 0, 13, 27, -
 0, 13, 27, -
 0, 13, 27, -
 0, 13, 27, -
 0, 13, 27, -
 0, 13, 27, -
 0, 13, 27, -
 0, 13, 27, -
 0, 13, 27, -
 0, 13, 27, -
 0, 13, 27, -
 0, 13, 27, -
 0, 13, 27, -
 0, 13, 27, -
 0, 13, 27, -
 0, 13, 27, -
 0, 13, 27, -
 0, 13, 27, -
 0, 13, 27, -
 0, 13, 27, -
#gpu, pwr, gtemp, mtemp
#Idx, W, C, C
 0, 13, 27, -
 0, 13, 27, -
 0, 13, 27, -
 0, 13, 27, -
 0, 13, 27, -
 0, 13, 27, -
 0, 13, 27, -
 0, 13, 27, -
 0, 13, 27, -
 0, 13, 27, -
 0, 13, 27, -
 0, 13, 27, -
 0, 13, 27, -
 0, 13, 27, -
 0, 13, 27, -
 0, 13, 27, -
 0, 13, 27, -
 0, 13, 27, -
 0, 13, 27, -
 0, 13, 27, -
 0, 13, 27, -
 0, 13, 27, -
 0, 13, 27, -
 0, 13, 27, -
 0, 13, 27, -
 0, 13, 27, -
 0, 13, 27, -
 0, 13, 27, -
 0, 13, 27, -
 0, 13, 27, -
 0, 13, 27, -
 0, 13, 27, -
 0, 13, 27, -
 0, 13, 27, -
 0, 13, 27, -
 0, 13, 27, -
 0, 13, 27, -
 0, 13, 27, -
 0, 13, 27, -
 0, 13, 27, -
 0, 13, 27, -
 0, 13, 27, -
 0, 13, 27, -
 0, 13, 27, -
#gpu, pwr, gtemp, mtemp
#Idx, W, C, C
 0, 13, 27, -
 0, 13, 27, -
 0, 13, 27, -
 0, 13, 27, -
 0, 13, 27, -
 0, 13, 27, -
 0, 13, 27, -
 0, 13, 27, -
 0, 14, 27, -
 0, 13, 27, -
 0, 13, 27, -
 0, 13, 27, -
 0, 13, 27, -
 0, 13, 27, -
 0, 13, 27, -
 0, 13, 27, -
 0, 13, 27, -
 0, 13, 27, -
 0, 13, 27, -
 0, 13, 27, -
 0, 13, 27, -
 0, 13, 27, -
 0, 13, 27, -
 0, 13, 27, -
 0, 13, 27, -
 0, 13, 27, -
 0, 13, 27, -
 0, 13, 27, -
 0, 13, 27, -
 0, 13, 27, -
 0, 13, 27, -
 0, 13, 27, -
 0, 13, 27, -
 0, 13, 27, -
 0, 13, 27, -
 0, 14, 27, -
 0, 13, 27, -
 0, 13, 27, -
 0, 13, 27, -
 0, 13, 27, -
 0, 13, 27, -
 0, 14, 27, -
 0, 13, 27, -
 0, 13, 27, -
#gpu, pwr, gtemp, mtemp
#Idx, W, C, C
 0, 13, 27, -
 0, 13, 27, -
 0, 13, 27, -
 0, 13, 27, -
 0, 13, 27, -
 0, 13, 27, -
 0, 13, 27, -
 0, 13, 27, -
 0, 13, 27, -
 0, 14, 27, -
 0, 13, 27, -
 0, 13, 27, -
 0, 13, 27, -
 0, 14, 27, -
 0, 13, 27, -
 0, 14, 27, -
 0, 13, 27, -
 0, 13, 27, -
 0, 13, 27, -
 0, 13, 27, -
 0, 13, 27, -
 0, 13, 27, -
 0, 13, 27, -
 0, 13, 27, -
 0, 13, 27, -
 0, 13, 27, -
 0, 13, 27, -
 0, 13, 27, -
 0, 13, 27, -
 0, 13, 27, -
 0, 13, 27, -
 0, 13, 27, -
 0, 13, 27, -
 0, 13, 27, -
 0, 13, 27, -
 0, 13, 27, -
 0, 13, 27, -
 0, 13, 27, -
 0, 13, 27, -
 0, 13, 27, -
 0, 13, 27, -
 0, 13, 27, -
 0, 13, 27, -
 0, 13, 27, -
#gpu, pwr, gtemp, mtemp
#Idx, W, C, C
 0, 13, 27, -
 0, 13, 27, -
 0, 13, 27, -
 0, 13, 27, -
 0, 14, 27, -
 0, 13, 27, -
 0, 13, 27, -
 0, 13, 27, -
 0, 13, 27, -
 0, 13, 27, -
 0, 13, 27, -
 0, 13, 27, -
 0, 13, 27, -
 0, 13, 27, -
 0, 13, 27, -
 0, 13, 27, -
 0, 13, 27, -
 0, 13, 27, -
 0, 13, 27, -
 0, 13, 27, -
 0, 13, 27, -
 0, 13, 27, -
 0, 13, 27, -
 0, 13, 27, -
 0, 13, 27, -
 0, 13, 27, -
 0, 13, 27, -
 0, 13, 27, -
 0, 13, 27, -
 0, 13, 27, -
 0, 13, 27, -
 0, 13, 27, -
 0, 13, 27, -
 0, 13, 27, -
 0, 13, 27, -
 0, 13, 27, -
 0, 13, 27, -
 0, 13, 27, -
 0, 13, 27, -
 0, 13, 27, -
 0, 13, 27, -
 0, 13, 27, -
 0, 13, 27, -
 0, 13, 27, -
#gpu, pwr, gtemp, mtemp
#Idx, W, C, C
 0, 13, 27, -
 0, 13, 27, -
 0, 13, 27, -
 0, 13, 27, -
 0, 13, 27, -
 0, 13, 27, -
 0, 13, 27, -
 0, 13, 27, -
 0, 13, 27, -
 0, 13, 27, -
 0, 13, 27, -
 0, 13, 27, -
 0, 13, 27, -
 0, 13, 27, -
 0, 13, 27, -
 0, 13, 27, -
 0, 13, 27, -
 0, 13, 27, -
 0, 13, 27, -
 0, 13, 27, -
 0, 13, 27, -
 0, 13, 27, -
 0, 13, 27, -
 0, 13, 27, -
 0, 13, 27, -
 0, 13, 27, -
 0, 13, 27, -
 0, 13, 27, -
 0, 13, 27, -
 0, 13, 27, -
 0, 13, 27, -
 0, 13, 27, -
 0, 13, 27, -
 0, 13, 27, -
 0, 13, 27, -
 0, 13, 27, -
 0, 13, 27, -
 0, 13, 27, -
 0, 13, 27, -
 0, 13, 27, -
 0, 13, 27, -
 0, 13, 27, -
 0, 13, 27, -
 0, 13, 27, -
#gpu, pwr, gtemp, mtemp
#Idx, W, C, C
 0, 13, 27, -
 0, 13, 27, -
 0, 13, 27, -
 0, 13, 27, -
 0, 13, 27, -
 0, 13, 27, -
 0, 13, 27, -
 0, 13, 27, -
 0, 13, 27, -
 0, 13, 27, -
 0, 13, 27, -
 0, 13, 27, -
 0, 13, 27, -
 0, 13, 27, -
 0, 13, 27, -
 0, 13, 27, -
 0, 13, 27, -
 0, 13, 27, -
 0, 13, 27, -
 0, 13, 27, -
 0, 13, 27, -
 0, 13, 27, -
 0, 13, 27, -
 0, 13, 27, -
 0, 13, 27, -
 0, 13, 27, -
 0, 13, 27, -
 0, 13, 27, -
 0, 13, 27, -
 0, 13, 27, -
 0, 13, 27, -
 0, 13, 27, -
 0, 13, 27, -
 0, 13, 27, -
 0, 13, 27, -
 0, 13, 27, -
 0, 13, 27, -
 0, 13, 27, -
 0, 13, 27, -
 0, 13, 27, -
 0, 13, 27, -
 0, 13, 27, -
 0, 13, 27, -
 0, 13, 27, -
#gpu, pwr, gtemp, mtemp
#Idx, W, C, C
 0, 13, 27, -
 0, 13, 27, -
 0, 13, 27, -
 0, 13, 27, -
 0, 13, 27, -
 0, 13, 27, -
 0, 13, 27, -
 0, 13, 27, -
 0, 13, 27, -
 0, 13, 27, -
 0, 13, 27, -
 0, 13, 27, -
 0, 13, 27, -
 0, 13, 27, -
 0, 13, 27, -
 0, 13, 27, -
 0, 13, 27, -
 0, 13, 27, -
 0, 13, 27, -
 0, 13, 27, -
 0, 13, 27, -
 0, 13, 27, -
 0, 13, 27, -
 0, 13, 27, -
 0, 13, 27, -
 0, 13, 27, -
 0, 13, 27, -
 0, 13, 27, -
 0, 13, 27, -
 0, 13, 27, -
 0, 13, 27, -
 0, 13, 27, -
 0, 13, 27, -
 0, 13, 27, -
 0, 13, 27, -
 0, 13, 27, -
 0, 13, 27, -
 0, 13, 27, -
 0, 13, 27, -
 0, 13, 27, -
 0, 13, 27, -
 0, 13, 27, -
 0, 13, 27, -
 0, 13, 27, -
#gpu, pwr, gtemp, mtemp
#Idx, W, C, C
 0, 13, 27, -
 0, 13, 27, -
 0, 13, 27, -
 0, 13, 27, -
 0, 13, 27, -
 0, 13, 27, -
 0, 13, 27, -
 0, 13, 27, -
 0, 13, 27, -
 0, 13, 27, -
 0, 13, 27, -
 0, 13, 27, -
 0, 13, 27, -
 0, 13, 27, -
 0, 13, 27, -
 0, 13, 27, -
 0, 13, 27, -
 0, 13, 27, -
 0, 13, 27, -
 0, 13, 27, -
 0, 13, 27, -
 0, 13, 27, -
 0, 13, 27, -
 0, 13, 27, -
 0, 13, 27, -
 0, 13, 27, -
 0, 13, 27, -
 0, 13, 27, -
 0, 13, 27, -
 0, 13, 27, -
 0, 13, 27, -
 0, 13, 27, -
 0, 13, 27, -
 0, 13, 27, -
 0, 13, 27, -
 0, 13, 27, -
 0, 13, 27, -
 0, 13, 27, -
 0, 13, 27, -
 0, 13, 27, -
 0, 13, 27, -
 0, 13, 27, -
 0, 13, 27, -
 0, 13, 27, -
#gpu, pwr, gtemp, mtemp
#Idx, W, C, C
 0, 13, 27, -
 0, 13, 27, -
 0, 13, 27, -
 0, 13, 27, -
 0, 13, 27, -
 0, 13, 27, -
 0, 13, 27, -
 0, 13, 27, -
 0, 13, 27, -
 0, 13, 27, -
 0, 13, 27, -
 0, 13, 27, -
 0, 13, 27, -
 0, 13, 27, -
 0, 13, 27, -
 0, 13, 27, -
 0, 13, 27, -
 0, 13, 27, -
 0, 13, 27, -
 0, 13, 27, -
 0, 13, 27, -
 0, 13, 27, -
 0, 13, 27, -
 0, 13, 27, -
 0, 13, 27, -
 0, 13, 27, -
 0, 13, 27, -
 0, 13, 27, -
 0, 13, 27, -
 0, 13, 27, -
 0, 13, 27, -
 0, 13, 27, -
 0, 13, 27, -
 0, 13, 27, -
 0, 13, 27, -
 0, 13, 27, -
 0, 13, 27, -
 0, 13, 27, -
 0, 13, 27, -
 0, 13, 27, -
 0, 13, 27, -
 0, 13, 27, -
 0, 13, 27, -
 0, 13, 27, -
#gpu, pwr, gtemp, mtemp
#Idx, W, C, C
 0, 13, 27, -
 0, 13, 27, -
 0, 13, 27, -
 0, 13, 27, -
 0, 13, 27, -
 0, 13, 27, -
 0, 13, 27, -
 0, 13, 27, -
 0, 13, 27, -
 0, 13, 27, -
 0, 13, 27, -
 0, 13, 27, -
 0, 13, 27, -
 0, 13, 27, -
 0, 13, 27, -
 0, 13, 27, -
 0, 13, 27, -
 0, 13, 27, -
 0, 13, 27, -
 0, 13, 27, -
 0, 13, 27, -
 0, 13, 27, -
 0, 13, 27, -
 0, 13, 27, -
 0, 13, 27, -
 0, 13, 27, -
 0, 13, 27, -
 0, 13, 27, -
 0, 13, 27, -
 0, 13, 27, -
 0, 13, 27, -
 0, 13, 27, -
 0, 13, 27, -
 0, 13, 27, -
 0, 13, 27, -
 0, 13, 27, -
 0, 13, 27, -
 0, 13, 27, -
 0, 13, 27, -
 0, 13, 27, -
 0, 13, 27, -
 0, 13, 27, -
 0, 13, 27, -
 0, 13, 27, -
#gpu, pwr, gtemp, mtemp
#Idx, W, C, C
 0, 13, 27, -
 0, 13, 27, -
 0, 13, 27, -
 0, 13, 27, -
 0, 13, 27, -
 0, 13, 27, -
 0, 13, 27, -
 0, 13, 27, -
 0, 13, 27, -
 0, 13, 27, -
 0, 13, 27, -
 0, 13, 27, -
 0, 13, 27, -
 0, 13, 27, -
 0, 13, 27, -
 0, 13, 27, -
 0, 13, 27, -
 0, 13, 27, -
 0, 13, 27, -
 0, 13, 27, -
 0, 13, 27, -
 0, 13, 27, -
 0, 13, 27, -
 0, 13, 27, -
 0, 13, 27, -
 0, 13, 27, -
 0, 13, 27, -
 0, 13, 27, -
 0, 13, 27, -
 0, 13, 27, -
 0, 13, 27, -
 0, 13, 27, -
 0, 13, 27, -
 0, 13, 27, -
 0, 13, 27, -
 0, 13, 27, -
 0, 13, 27, -
 0, 13, 27, -
 0, 13, 27, -
 0, 13, 27, -
 0, 13, 27, -
 0, 13, 27, -
 0, 13, 27, -
 0, 13, 27, -
#gpu, pwr, gtemp, mtemp
#Idx, W, C, C
 0, 13, 27, -
 0, 13, 27, -
 0, 13, 27, -
 0, 13, 27, -
 0, 13, 27, -
 0, 13, 27, -
 0, 13, 27, -
 0, 13, 27, -
 0, 13, 27, -
 0, 13, 27, -
 0, 13, 27, -
 0, 13, 27, -
 0, 13, 27, -
 0, 13, 27, -
 0, 13, 27, -
 0, 13, 27, -
 0, 13, 27, -
 0, 13, 27, -
 0, 13, 27, -
 0, 13, 27, -
 0, 13, 27, -
 0, 13, 27, -
 0, 13, 27, -
 0, 13, 27, -
 0, 13, 27, -
 0, 13, 27, -
 0, 13, 27, -
 0, 13, 27, -
 0, 13, 27, -
 0, 13, 27, -
 0, 13, 27, -
 0, 13, 27, -
 0, 13, 27, -
 0, 13, 27, -
 0, 13, 27, -
 0, 13, 27, -
 0, 13, 27, -
 0, 13, 27, -
 0, 13, 27, -
 0, 13, 27, -
 0, 13, 27, -
 0, 13, 27, -
 0, 13, 27, -
 0, 13, 27, -
#gpu, pwr, gtemp, mtemp
#Idx, W, C, C
 0, 13, 27, -
 0, 13, 27, -
 0, 13, 27, -
 0, 13, 27, -
 0, 13, 27, -
 0, 13, 27, -
 0, 13, 27, -
 0, 13, 27, -
 0, 13, 27, -
 0, 13, 27, -
 0, 13, 27, -
 0, 13, 27, -
 0, 13, 27, -
 0, 13, 27, -
 0, 13, 27, -
 0, 13, 27, -
 0, 13, 27, -
 0, 13, 27, -
 0, 13, 27, -
 0, 13, 27, -
 0, 13, 27, -
 0, 13, 27, -
 0, 13, 27, -
 0, 13, 27, -
 0, 13, 27, -
 0, 13, 27, -
 0, 13, 27, -
 0, 13, 27, -
 0, 13, 27, -
 0, 13, 27, -
 0, 13, 27, -
 0, 13, 27, -
 0, 13, 27, -
 0, 13, 27, -
 0, 13, 27, -
 0, 13, 27, -
 0, 13, 27, -
 0, 13, 27, -
 0, 13, 27, -
 0, 13, 27, -
 0, 13, 27, -
 0, 13, 27, -
 0, 13, 27, -
 0, 13, 27, -
#gpu, pwr, gtemp, mtemp
#Idx, W, C, C
 0, 13, 27, -
 0, 13, 27, -
 0, 13, 27, -
 0, 13, 27, -
 0, 13, 27, -
 0, 13, 27, -
 0, 13, 27, -
 0, 13, 27, -
 0, 13, 27, -
 0, 13, 27, -
 0, 13, 27, -
 0, 13, 27, -
 0, 13, 27, -
 0, 13, 27, -
 0, 13, 27, -
 0, 13, 27, -
 0, 13, 27, -
 0, 13, 27, -
 0, 13, 27, -
 0, 13, 27, -
 0, 13, 27, -
 0, 13, 27, -
 0, 13, 27, -
 0, 13, 27, -
 0, 13, 27, -
 0, 13, 27, -
 0, 13, 27, -
 0, 13, 27, -
 0, 13, 27, -
 0, 13, 27, -
 0, 13, 27, -
 0, 13, 27, -
 0, 13, 27, -
 0, 13, 27, -
 0, 13, 27, -
 0, 13, 27, -
 0, 13, 27, -
 0, 13, 27, -
 0, 13, 27, -
 0, 13, 27, -
 0, 13, 27, -
 0, 13, 27, -
 0, 13, 27, -
 0, 13, 27, -
#gpu, pwr, gtemp, mtemp
#Idx, W, C, C
 0, 13, 27, -
 0, 13, 27, -
 0, 13, 27, -
 0, 13, 27, -
 0, 13, 27, -
 0, 13, 27, -
 0, 13, 27, -
 0, 13, 27, -
 0, 13, 27, -
 0, 13, 27, -
 0, 13, 27, -
 0, 13, 27, -
 0, 13, 27, -
 0, 13, 27, -
 0, 13, 27, -
 0, 13, 27, -
 0, 13, 27, -
 0, 13, 27, -
 0, 13, 27, -
 0, 13, 27, -
 0, 13, 27, -
 0, 13, 27, -
 0, 13, 27, -
 0, 13, 27, -
 0, 13, 27, -
 0, 13, 27, -
 0, 13, 27, -
 0, 13, 27, -
 0, 13, 27, -
 0, 13, 27, -
 0, 13, 27, -
 0, 13, 27, -
 0, 13, 27, -
 0, 13, 27, -
 0, 13, 27, -
 0, 13, 27, -
 0, 13, 27, -
 0, 13, 27, -
 0, 13, 27, -
 0, 13, 27, -
 0, 13, 27, -
 0, 13, 27, -
 0, 13, 27, -
 0, 13, 27, -
#gpu, pwr, gtemp, mtemp
#Idx, W, C, C
 0, 13, 27, -
 0, 13, 27, -
 0, 13, 27, -
 0, 13, 27, -
 0, 13, 27, -
 0, 13, 27, -
 0, 13, 27, -
 0, 13, 27, -
 0, 13, 27, -
 0, 13, 27, -
 0, 13, 27, -
 0, 13, 27, -
 0, 13, 27, -
 0, 13, 27, -
 0, 13, 27, -
 0, 13, 27, -
 0, 13, 27, -
 0, 13, 27, -
 0, 13, 27, -
 0, 13, 27, -
 0, 13, 27, -
 0, 13, 27, -
 0, 13, 27, -
 0, 13, 27, -
 0, 13, 27, -
 0, 13, 27, -
 0, 13, 27, -
 0, 13, 27, -
 0, 13, 27, -
 0, 13, 27, -
 0, 13, 27, -
 0, 13, 27, -
 0, 13, 27, -
 0, 13, 27, -
 0, 13, 27, -
 0, 13, 27, -
 0, 13, 27, -
 0, 13, 27, -
 0, 13, 27, -
 0, 13, 27, -
 0, 13, 27, -
 0, 13, 27, -
 0, 13, 27, -
 0, 13, 27, -
#gpu, pwr, gtemp, mtemp
#Idx, W, C, C
 0, 13, 27, -
 0, 13, 27, -
 0, 13, 27, -
 0, 13, 27, -
 0, 13, 27, -
 0, 13, 27, -
 0, 13, 27, -
 0, 13, 27, -
 0, 13, 27, -
 0, 13, 27, -
 0, 13, 27, -
 0, 13, 27, -
 0, 13, 27, -
 0, 13, 27, -
 0, 13, 27, -
 0, 13, 27, -
 0, 13, 27, -
 0, 13, 27, -
 0, 13, 27, -
 0, 13, 27, -
 0, 13, 27, -
 0, 13, 27, -
 0, 13, 27, -
 0, 13, 27, -
 0, 13, 27, -
 0, 13, 27, -
 0, 13, 27, -
 0, 13, 27, -
 0, 13, 27, -
 0, 13, 27, -
 0, 13, 27, -
 0, 13, 27, -
 0, 13, 27, -
 0, 13, 27, -
 0, 13, 27, -
 0, 13, 27, -
 0, 13, 27, -
 0, 13, 27, -
 0, 13, 27, -
 0, 13, 27, -
 0, 13, 27, -
 0, 13, 27, -
 0, 13, 27, -
 0, 13, 27, -
#gpu, pwr, gtemp, mtemp
#Idx, W, C, C
 0, 13, 27, -
 0, 13, 27, -
 0, 13, 27, -
 0, 13, 27, -
 0, 13, 27, -
 0, 13, 27, -
 0, 13, 27, -
 0, 13, 27, -
 0, 13, 27, -
 0, 13, 27, -
 0, 13, 27, -
 0, 13, 27, -
 0, 13, 27, -
 0, 13, 27, -
 0, 13, 27, -
 0, 13, 27, -
 0, 13, 27, -
 0, 13, 27, -
 0, 13, 27, -
 0, 13, 27, -
 0, 13, 27, -
 0, 13, 27, -
 0, 13, 27, -
 0, 13, 27, -
 0, 13, 27, -
 0, 13, 27, -
 0, 13, 27, -
 0, 13, 27, -
 0, 13, 27, -
 0, 13, 27, -
 0, 13, 27, -
 0, 13, 27, -
 0, 13, 27, -
 0, 13, 27, -
 0, 13, 27, -
 0, 13, 27, -
 0, 13, 27, -
 0, 13, 27, -
 0, 13, 27, -
 0, 13, 27, -
 0, 13, 27, -
 0, 13, 27, -
 0, 13, 27, -
 0, 13, 27, -
#gpu, pwr, gtemp, mtemp
#Idx, W, C, C
 0, 13, 27, -
 0, 13, 27, -
 0, 32, 29, -
 0, 34, 29, -
 0, 31, 28, -
 0, 23, 28, -
 0, 13, 28, -
 0, 13, 28, -
 0, 13, 28, -
 0, 13, 28, -
 0, 13, 28, -
 0, 13, 28, -
 0, 13, 28, -
 0, 13, 28, -
 0, 13, 28, -
 0, 13, 28, -
 0, 13, 28, -
 0, 13, 28, -
 0, 13, 28, -
 0, 13, 28, -
 0, 13, 27, -
 0, 13, 28, -
 0, 13, 28, -
 0, 13, 28, -
 0, 13, 28, -
 0, 13, 27, -
 0, 13, 28, -
 0, 13, 27, -
 0, 13, 28, -
 0, 13, 28, -
 0, 13, 27, -
 0, 13, 28, -
 0, 13, 27, -
 0, 13, 27, -
 0, 13, 28, -
 0, 13, 27, -
 0, 13, 27, -
 0, 13, 28, -
 0, 13, 27, -
 0, 13, 28, -
 0, 13, 27, -
 0, 13, 27, -
 0, 13, 27, -
 0, 13, 27, -
#gpu, pwr, gtemp, mtemp
#Idx, W, C, C
 0, 13, 27, -
 0, 13, 27, -
 0, 13, 27, -
 0, 13, 27, -
 0, 13, 27, -
 0, 13, 27, -
 0, 13, 27, -
 0, 13, 27, -
 0, 13, 27, -
 0, 13, 27, -
 0, 13, 27, -
 0, 13, 27, -
 0, 13, 27, -
 0, 13, 27, -
 0, 13, 27, -
 0, 13, 27, -
 0, 13, 27, -
 0, 13, 27, -
 0, 13, 27, -
 0, 13, 27, -
 0, 13, 27, -
 0, 13, 27, -
 0, 13, 27, -
 0, 13, 27, -
 0, 13, 27, -
 0, 13, 27, -
 0, 13, 27, -
 0, 13, 27, -
 0, 13, 27, -
 0, 13, 27, -
 0, 13, 27, -
 0, 13, 27, -
 0, 13, 27, -
 0, 13, 27, -
 0, 13, 27, -
 0, 13, 27, -
 0, 13, 27, -
 0, 13, 27, -
 0, 13, 27, -
 0, 13, 27, -
 0, 13, 27, -
 0, 13, 27, -
 0, 13, 27, -
 0, 13, 27, -
#gpu, pwr, gtemp, mtemp
#Idx, W, C, C
 0, 13, 27, -
 0, 13, 27, -
 0, 13, 27, -
 0, 13, 27, -
 0, 13, 27, -
 0, 13, 27, -
 0, 13, 27, -
 0, 13, 27, -
 0, 13, 27, -
 0, 13, 27, -
 0, 13, 27, -
 0, 13, 27, -
 0, 13, 27, -
 0, 13, 27, -
 0, 13, 27, -
 0, 13, 27, -
 0, 13, 27, -
 0, 13, 27, -
 0, 13, 27, -
 0, 13, 27, -
 0, 13, 27, -
 0, 13, 27, -
 0, 13, 27, -
 0, 13, 27, -
 0, 13, 27, -
 0, 13, 27, -
 0, 13, 27, -
 0, 13, 27, -
 0, 13, 27, -
 0, 13, 27, -
 0, 13, 27, -
 0, 13, 27, -
 0, 13, 27, -
 0, 13, 27, -
 0, 13, 27, -
 0, 13, 27, -
 0, 13, 27, -
 0, 13, 27, -
 0, 13, 27, -
 0, 13, 27, -
 0, 13, 27, -
 0, 13, 27, -
 0, 13, 27, -
 0, 13, 27, -
#gpu, pwr, gtemp, mtemp
#Idx, W, C, C
 0, 13, 27, -
 0, 13, 27, -
 0, 13, 27, -
 0, 13, 27, -
 0, 13, 27, -
 0, 13, 27, -
 0, 13, 27, -
 0, 13, 27, -
 0, 13, 27, -
 0, 13, 27, -
 0, 13, 27, -
 0, 13, 27, -
 0, 13, 27, -
 0, 13, 27, -
 0, 13, 27, -
 0, 13, 27, -
 0, 13, 27, -
 0, 13, 27, -
 0, 13, 27, -
 0, 13, 27, -
 0, 13, 27, -
 0, 13, 27, -
 0, 13, 27, -
 0, 13, 27, -
 0, 13, 27, -
 0, 13, 27, -
 0, 13, 27, -
 0, 13, 27, -
 0, 13, 27, -
 0, 13, 27, -
 0, 13, 27, -
 0, 13, 27, -
 0, 13, 27, -
 0, 13, 27, -
 0, 13, 27, -
 0, 13, 27, -
 0, 13, 27, -
 0, 13, 27, -
 0, 13, 27, -
